0	0	1	1	0.802
0	1	8	1	0.703
0	2	29	2	0.505
0	3	53	1	0.802
0	4	59	0	0.901
0	5	79	0	0.901
0	6	129	1	0.703
0	7	157	1	0.703
0	8	178	2	0.505
0	9	88	5	0.01
0	10	113	4	0.208
0	11	121	1	0.703
0	12	27	4	0.505
0	13	46	2	0.604
0	14	57	3	0.505
0	15	65	4	0.109
0	16	73	4	0.208
0	17	103	3	0.307
0	18	136	3	0.406
0	19	145	6	0.01
0	20	33	5	0.208
0	21	61	4	0.208
0	22	6	4	0.406
0	23	12	9	0.01
0	24	164	8	0.01
0	25	174	5	0.406
0	26	45	7	0.01
0	27	136	7	0.109
0	28	152	6	0.109
0	29	21	7	0.109
0	30	53	7	0.01
0	31	125	9	0.01
0	32	1	7	0.703
0	33	181	7	0.406
0	34	132	10	0.01
0	35	179	14	0.01
0	36	57	9	0.01
0	37	116	10	0.01
0	38	27	14	0.01
0	39	102	15	0.01
0	40	75	13	0.01
0	41	93	14	0.01
0	42	112	13	0.01
0	43	64	13	0.01
0	44	138	16	0.01
0	45	133	16	0.01
0	46	4	16	0.307
0	47	54	16	0.01
0	48	86	17	0.01
0	49	148	17	0.01
0	50	32	20	0.01
0	51	123	23	0.01
0	52	164	23	0.01
0	53	170	19	0.01
0	54	175	19	0.01
0	55	44	20	0.01
0	56	74	20	0.01
0	57	81	21	0.01
0	58	157	20	0.01
0	59	66	20	0.01
0	60	77	21	0.01
0	61	110	21	0.01
0	62	2	22	0.208
0	63	10	20	0.01
0	64	64	23	0.01
0	65	91	23	0.01
0	66	11	27	0.01
0	67	111	24	0.01
0	68	20	24	0.01
0	69	32	29	0.01
0	70	4	25	0.406
0	71	56	26	0.01
0	72	154	26	0.01
0	73	97	27	0.01
0	74	176	25	0.01
0	75	183	27	0.703
0	76	24	25	0.01
0	77	51	27	0.01
0	78	83	27	0.01
0	79	137	28	0.01
0	80	173	29	0.01
0	81	18	29	0.01
0	82	70	27	0.01
0	83	72	31	0.01
0	84	105	28	0.01
0	85	141	29	0.01
0	86	145	27	0.01
0	87	168	29	0.01
0	88	79	30	0.01
0	89	112	30	0.01
0	90	151	30	0.01
0	91	179	30	0.01
0	92	64	33	0.01
0	93	59	32	0.01
0	94	2	34	0.505
0	95	90	36	0.01
0	96	128	35	0.01
0	97	46	38	0.01
0	98	138	33	0.01
0	99	164	34	0.01
0	100	78	36	0.01
0	101	123	35	0.01
0	102	136	37	0.01
0	103	155	36	0.01
0	104	169	35	0.01
0	105	24	37	0.01
0	106	109	36	0.01
0	107	113	39	0.01
0	108	13	40	0.01
0	109	28	38	0.01
0	110	102	39	0.01
0	111	142	39	0.01
0	112	174	38	0.01
0	113	70	42	0.01
0	114	153	40	0.01
0	115	74	42	0.01
0	116	46	44	0.01
0	117	61	44	0.01
0	118	65	40	0.01
0	119	79	42	0.01
0	120	171	45	0.01
0	121	182	42	0.505
0	122	12	46	0.01
0	123	80	45	0.01
0	124	29	44	0.01
0	125	95	47	0.01
0	126	101	47	0.01
0	127	121	44	0.01
0	128	31	51	0.01
0	129	108	47	0.01
0	130	149	48	0.01
0	131	122	47	0.01
0	132	155	47	0.01
0	133	160	47	0.01
0	134	38	47	0.01
0	135	48	50	0.01
0	136	54	50	0.01
0	137	92	48	0.01
0	138	139	46	0.01
0	139	61	50	0.01
0	140	2	49	0.604
0	141	23	49	0.01
0	142	43	50	0.01
0	143	69	51	0.01
0	144	83	53	0.01
0	145	122	51	0.01
0	146	178	51	0.109
0	147	10	53	0.01
0	148	148	54	0.01
0	149	18	55	0.01
0	150	32	55	0.01
0	151	42	54	0.01
0	152	4	56	0.208
0	153	129	59	0.01
0	154	0	57	0.901
0	155	143	58	0.01
0	156	153	57	0.01
0	157	163	57	0.01
0	158	78	58	0.01
0	159	105	62	0.01
0	160	149	58	0.01
0	161	156	59	0.01
0	162	177	60	0.01
0	163	37	58	0.01
0	164	166	60	0.01
0	165	37	63	0.01
0	166	58	64	0.01
0	167	73	62	0.01
0	168	84	68	0.01
0	169	87	61	0.01
0	170	1	65	0.703
0	171	8	64	0.01
0	172	24	65	0.01
0	173	144	64	0.01
0	174	149	65	0.01
0	175	4	69	0.208
0	176	135	67	0.01
0	177	142	66	0.01
0	178	15	68	0.01
0	179	93	70	0.01
0	180	141	70	0.01
0	181	156	71	0.01
0	182	162	70	0.01
0	183	119	67	0.01
0	184	184	68	0.802
0	185	38	71	0.01
0	186	56	73	0.01
0	187	71	73	0.01
0	188	74	70	0.01
0	189	135	71	0.01
0	190	176	72	0.01
0	191	0	73	0.901
0	192	46	72	0.01
0	193	117	74	0.01
0	194	109	72	0.01
0	195	151	73	0.01
0	196	76	75	0.01
0	197	12	74	0.01
0	198	3	75	0.604
0	199	30	79	0.01
0	200	138	75	0.01
0	201	184	76	0.802
0	202	42	77	0.01
0	203	63	77	0.01
0	204	117	78	0.01
0	205	9	78	0.01
0	206	23	77	0.01
0	207	36	80	0.01
0	208	80	79	0.01
0	209	100	80	0.01
0	210	130	82	0.01
0	211	52	81	0.01
0	212	67	82	0.01
0	213	91	79	0.01
0	214	95	81	0.01
0	215	147	79	0.01
0	216	170	81	0.01
0	217	179	81	0.01
0	218	75	81	0.01
0	219	87	83	0.01
0	220	126	80	0.01
0	221	157	84	0.01
0	222	166	85	0.01
0	223	1	87	0.703
0	224	146	86	0.01
0	225	38	86	0.01
0	226	117	87	0.01
0	227	131	87	0.01
0	228	43	89	0.01
0	229	149	88	0.01
0	230	11	90	0.01
0	231	20	87	0.01
0	232	25	89	0.01
0	233	107	87	0.01
0	234	175	87	0.01
0	235	179	88	0.307
0	236	48	90	0.01
0	237	53	88	0.01
0	238	93	88	0.01
0	239	99	88	0.01
0	240	141	88	0.01
0	241	37	92	0.01
0	242	71	92	0.01
0	243	105	92	0.01
0	244	163	90	0.01
0	245	31	92	0.01
0	246	62	91	0.01
0	247	134	95	0.01
0	248	144	92	0.01
0	249	174	94	0.01
0	250	86	93	0.01
0	251	127	94	0.01
0	252	51	95	0.01
0	253	3	96	0.208
0	254	88	96	0.01
0	255	111	97	0.01
0	256	58	97	0.01
0	257	153	99	0.01
0	258	121	97	0.01
0	259	62	98	0.01
0	260	168	101	0.01
0	261	12	101	0.01
0	262	161	101	0.01
0	263	93	99	0.01
0	264	42	101	0.01
0	265	95	104	0.01
0	266	183	105	0.604
0	267	18	103	0.01
0	268	25	101	0.01
0	269	30	101	0.01
0	270	33	102	0.01
0	271	37	103	0.01
0	272	49	102	0.01
0	273	71	104	0.01
0	274	83	104	0.01
0	275	107	103	0.01
0	276	124	105	0.01
0	277	178	105	0.01
0	278	137	102	0.01
0	279	138	106	0.01
0	280	5	109	0.01
0	281	61	109	0.01
0	282	90	108	0.01
0	283	146	106	0.01
0	284	163	107	0.01
0	285	71	111	0.01
0	286	147	110	0.01
0	287	53	109	0.01
0	288	16	111	0.01
0	289	27	112	0.01
0	290	43	112	0.01
0	291	110	112	0.01
0	292	163	112	0.01
0	293	174	111	0.01
0	294	152	113	0.01
0	295	132	117	0.01
0	296	170	114	0.01
0	297	81	114	0.01
0	298	10	115	0.01
0	299	182	114	0.406
0	300	90	117	0.01
0	301	13	120	0.01
0	302	72	121	0.01
0	303	58	121	0.01
0	304	93	119	0.01
0	305	178	122	0.01
0	306	62	121	0.01
0	307	42	121	0.01
0	308	50	122	0.01
0	309	153	122	0.01
0	310	162	123	0.01
0	311	167	126	0.01
0	312	26	124	0.01
0	313	82	125	0.01
0	314	144	126	0.01
0	315	2	126	0.406
0	316	31	124	0.01
0	317	85	124	0.01
0	318	40	126	0.01
0	319	111	129	0.01
0	320	23	127	0.01
0	321	18	132	0.01
0	322	131	130	0.01
0	323	66	135	0.01
0	324	89	130	0.01
0	325	57	134	0.01
0	326	151	132	0.01
0	327	81	134	0.01
0	328	156	133	0.01
0	329	179	135	0.01
0	330	1	136	0.703
0	331	47	137	0.01
0	332	137	135	0.01
0	333	152	137	0.01
0	334	7	139	0.01
0	335	32	137	0.01
0	336	37	137	0.01
0	337	98	140	0.01
0	338	171	138	0.01
0	339	77	141	0.01
0	340	183	141	0.505
0	341	43	142	0.01
0	342	120	146	0.01
0	343	152	143	0.01
0	344	19	142	0.01
0	345	31	145	0.01
0	346	89	145	0.01
0	347	170	144	0.01
0	348	24	143	0.01
0	349	160	146	0.01
0	350	166	148	0.01
0	351	179	144	0.01
0	352	8	144	0.01
0	353	64	145	0.01
0	354	9	148	0.01
0	355	24	147	0.01
0	356	52	146	0.01
0	357	68	146	0.01
0	358	73	145	0.01
0	359	39	146	0.01
0	360	58	147	0.01
0	361	146	147	0.01
0	362	44	148	0.01
0	363	50	149	0.01
0	364	99	148	0.01
0	365	140	147	0.01
0	366	155	147	0.01
0	367	21	150	0.01
0	368	103	151	0.01
0	369	179	152	0.109
0	370	65	155	0.01
0	371	78	150	0.01
0	372	88	150	0.01
0	373	175	152	0.01
0	374	182	151	0.406
0	375	161	153	0.01
0	376	40	158	0.01
0	377	86	157	0.01
0	378	97	154	0.01
0	379	138	157	0.01
0	380	157	154	0.01
0	381	167	159	0.01
0	382	27	157	0.01
0	383	107	161	0.01
0	384	13	160	0.01
0	385	121	159	0.01
0	386	128	159	0.01
0	387	150	156	0.01
0	388	157	161	0.01
0	389	176	159	0.01
0	390	96	161	0.01
0	391	1	165	0.802
0	392	140	163	0.01
0	393	180	163	0.01
0	394	92	165	0.01
0	395	107	166	0.01
0	396	83	166	0.01
0	397	135	165	0.01
0	398	41	170	0.01
0	399	59	166	0.01
0	400	67	168	0.01
0	401	89	166	0.01
0	402	127	167	0.01
0	403	155	167	0.01
0	404	159	168	0.01
0	405	167	167	0.01
0	406	74	169	0.01
0	407	116	168	0.01
0	408	120	169	0.01
0	409	136	169	0.01
0	410	149	169	0.01
0	411	13	168	0.01
0	412	54	170	0.01
0	413	113	170	0.01
0	414	17	172	0.01
0	415	96	174	0.01
0	416	169	174	0.01
0	417	56	174	0.01
0	418	107	173	0.01
0	419	178	174	0.01
0	420	158	174	0.01
0	421	5	176	0.208
0	422	15	176	0.01
0	423	84	176	0.01
0	424	163	175	0.01
0	425	29	181	0.01
0	426	66	182	0.01
0	427	63	177	0.01
0	428	26	179	0.01
0	429	112	180	0.01
0	430	124	180	0.01
0	431	150	182	0.01
0	432	177	180	0.01
0	433	1	179	0.802
0	434	15	183	0.01
0	435	41	182	0.01
0	436	52	180	0.01
0	437	4	182	0.109
0	438	79	182	0.01
0	439	107	181	0.01
0	440	24	183	0.01
0	441	133	184	0.01
0	442	95	188	0.01
0	443	100	183	0.01
0	444	124	185	0.01
0	445	177	187	0.01
0	446	83	184	0.01
0	447	96	184	0.01
0	448	81	188	0.208
0	449	109	188	0.307
0	450	76	189	0.406
0	451	4	190	0.406
0	452	48	189	0.208
0	453	64	190	0.406
0	454	107	191	0.604
0	455	122	190	0.505
0	456	169	190	0.505
0	457	30	190	0.604
0	458	114	191	0.505
0	459	146	191	0.604
0	460	154	190	0.505
0	461	162	190	0.406
0	462	12	191	0.604
0	463	21	190	0.406
0	464	33	191	0.703
0	465	73	191	0.703
0	466	129	189	0.307
0	467	135	191	0.505
0	468	152	192	0.802
1	0	5	1	0.703
1	1	17	2	0.505
1	2	62	2	0.406
1	3	85	2	0.406
1	4	105	1	0.703
1	5	134	2	0.307
1	6	28	3	0.406
1	7	144	3	0.307
1	8	82	5	0.208
1	9	116	2	0.604
1	10	161	5	0.01
1	11	113	5	0.208
1	12	37	6	0.01
1	13	45	4	0.01
1	14	123	5	0.01
1	15	176	3	0.307
1	16	99	4	0.406
1	17	49	8	0.01
1	18	7	9	0.01
1	19	12	6	0.01
1	20	98	10	0.01
1	21	107	6	0.109
1	22	178	10	0.01
1	23	62	9	0.01
1	24	72	10	0.01
1	25	1	8	0.604
1	26	21	13	0.01
1	27	110	10	0.01
1	28	95	13	0.01
1	29	130	11	0.01
1	30	139	13	0.01
1	31	146	13	0.01
1	32	80	11	0.01
1	33	83	14	0.01
1	34	133	11	0.01
1	35	151	13	0.01
1	36	7	15	0.01
1	37	55	12	0.01
1	38	65	14	0.01
1	39	118	12	0.01
1	40	120	18	0.01
1	41	158	14	0.01
1	42	41	16	0.01
1	43	88	17	0.01
1	44	108	17	0.01
1	45	1	18	0.604
1	46	54	17	0.01
1	47	75	17	0.01
1	48	155	18	0.01
1	49	161	19	0.01
1	50	167	16	0.01
1	51	31	19	0.01
1	52	61	20	0.01
1	53	67	18	0.01
1	54	94	19	0.01
1	55	97	23	0.01
1	56	125	22	0.01
1	57	40	23	0.01
1	58	52	22	0.01
1	59	182	21	0.406
1	60	149	23	0.01
1	61	174	21	0.01
1	62	6	24	0.01
1	63	23	23	0.01
1	64	75	25	0.01
1	65	105	26	0.01
1	66	172	28	0.01
1	67	48	26	0.01
1	68	89	25	0.01
1	69	133	23	0.01
1	70	137	26	0.01
1	71	181	28	0.208
1	72	13	26	0.01
1	73	67	25	0.01
1	74	18	28	0.01
1	75	29	27	0.01
1	76	142	26	0.01
1	77	164	26	0.01
1	78	65	28	0.01
1	79	7	30	0.01
1	80	57	29	0.01
1	81	175	30	0.01
1	82	84	34	0.01
1	83	119	29	0.01
1	84	129	33	0.01
1	85	44	33	0.01
1	86	64	31	0.01
1	87	95	31	0.01
1	88	122	31	0.01
1	89	152	35	0.01
1	90	157	30	0.01
1	91	51	34	0.01
1	92	107	36	0.01
1	93	114	31	0.01
1	94	11	38	0.01
1	95	15	32	0.01
1	96	34	37	0.01
1	97	138	35	0.01
1	98	161	33	0.01
1	99	5	34	0.307
1	100	118	36	0.01
1	101	146	36	0.01
1	102	179	37	0.01
1	103	56	38	0.01
1	104	68	39	0.01
1	105	128	40	0.01
1	106	164	42	0.01
1	107	13	42	0.01
1	108	91	42	0.01
1	109	141	46	0.01
1	110	181	45	0.208
1	111	44	43	0.01
1	112	95	45	0.01
1	113	116	43	0.01
1	114	120	46	0.01
1	115	24	47	0.01
1	116	43	45	0.01
1	117	45	47	0.01
1	118	87	44	0.01
1	119	134	45	0.01
1	120	148	45	0.01
1	121	175	45	0.01
1	122	15	46	0.01
1	123	58	47	0.01
1	124	103	45	0.01
1	125	114	46	0.01
1	126	125	45	0.01
1	127	81	45	0.01
1	128	164	48	0.01
1	129	173	48	0.01
1	130	5	47	0.307
1	131	78	53	0.01
1	132	66	51	0.01
1	133	4	51	0.01
1	134	36	51	0.01
1	135	30	52	0.01
1	136	155	56	0.01
1	137	157	51	0.01
1	138	101	61	0.01
1	139	7	56	0.01
1	140	13	56	0.01
1	141	51	63	0.01
1	142	129	57	0.01
1	143	24	56	0.01
1	144	41	56	0.01
1	145	175	58	0.01
1	146	33	59	0.01
1	147	25	61	0.01
1	148	14	60	0.01
1	149	124	63	0.01
1	150	1	64	0.604
1	151	22	64	0.01
1	152	63	63	0.01
1	153	11	66	0.01
1	154	140	63	0.01
1	155	145	63	0.01
1	156	76	68	0.01
1	157	89	66	0.01
1	158	153	71	0.01
1	159	32	67	0.01
1	160	28	69	0.01
1	161	136	68	0.01
1	162	163	68	0.01
1	163	178	69	0.01
1	164	178	68	0.109
1	165	86	69	0.01
1	166	122	69	0.01
1	167	37	71	0.01
1	168	116	73	0.01
1	169	170	72	0.01
1	170	144	73	0.01
1	171	1	76	0.604
1	172	6	75	0.01
1	173	111	75	0.01
1	174	183	75	0.406
1	175	20	77	0.01
1	176	105	77	0.01
1	177	11	76	0.01
1	178	32	75	0.01
1	179	59	75	0.01
1	180	128	81	0.01
1	181	141	77	0.01
1	182	35	78	0.01
1	183	54	77	0.01
1	184	42	79	0.01
1	185	63	80	0.01
1	186	98	78	0.01
1	187	73	77	0.01
1	188	87	79	0.01
1	189	165	79	0.01
1	190	49	83	0.01
1	191	72	83	0.01
1	192	150	83	0.01
1	193	117	84	0.01
1	194	171	82	0.01
1	195	175	79	0.01
1	196	88	84	0.01
1	197	179	82	0.01
1	198	79	84	0.01
1	199	167	85	0.01
1	200	107	85	0.01
1	201	30	86	0.01
1	202	159	87	0.01
1	203	6	87	0.01
1	204	39	88	0.01
1	205	97	88	0.01
1	206	183	86	0.703
1	207	18	89	0.01
1	208	60	91	0.01
1	209	92	90	0.01
1	210	164	97	0.01
1	211	3	93	0.406
1	212	26	91	0.01
1	213	80	92	0.01
1	214	125	93	0.01
1	215	165	90	0.01
1	216	176	93	0.01
1	217	135	94	0.01
1	218	159	93	0.01
1	219	41	95	0.01
1	220	116	94	0.01
1	221	49	96	0.01
1	222	85	96	0.01
1	223	152	98	0.01
1	224	106	97	0.01
1	225	17	97	0.01
1	226	26	99	0.01
1	227	94	99	0.01
1	228	143	98	0.01
1	229	0	98	0.901
1	230	10	100	0.01
1	231	36	101	0.01
1	232	2	99	0.505
1	233	92	103	0.01
1	234	103	104	0.01
1	235	64	104	0.01
1	236	84	105	0.01
1	237	122	104	0.01
1	238	181	103	0.109
1	239	136	107	0.01
1	240	172	105	0.01
1	241	3	108	0.208
1	242	112	106	0.01
1	243	61	110	0.01
1	244	177	108	0.01
1	245	15	108	0.01
1	246	24	111	0.01
1	247	48	108	0.01
1	248	158	111	0.01
1	249	37	111	0.01
1	250	101	113	0.01
1	251	108	112	0.01
1	252	144	111	0.01
1	253	149	113	0.01
1	254	89	111	0.01
1	255	166	111	0.01
1	256	70	112	0.01
1	257	115	113	0.01
1	258	22	115	0.01
1	259	128	113	0.01
1	260	179	114	0.01
1	261	5	115	0.01
1	262	89	118	0.01
1	263	129	119	0.01
1	264	170	116	0.01
1	265	12	118	0.01
1	266	76	113	0.01
1	267	120	118	0.01
1	268	137	116	0.01
1	269	180	122	0.01
1	270	1	118	0.703
1	271	48	120	0.01
1	272	67	119	0.01
1	273	31	122	0.01
1	274	57	118	0.01
1	275	79	122	0.01
1	276	149	120	0.01
1	277	159	120	0.01
1	278	1	123	0.703
1	279	142	123	0.01
1	280	159	125	0.01
1	281	108	128	0.01
1	282	20	129	0.01
1	283	136	125	0.01
1	284	171	126	0.01
1	285	9	128	0.01
1	286	19	125	0.01
1	287	141	127	0.01
1	288	79	127	0.01
1	289	58	131	0.01
1	290	84	130	0.01
1	291	180	133	0.01
1	292	51	130	0.01
1	293	77	131	0.01
1	294	133	132	0.01
1	295	146	134	0.01
1	296	5	135	0.01
1	297	44	134	0.01
1	298	70	133	0.01
1	299	138	135	0.01
1	300	29	133	0.01
1	301	35	135	0.01
1	302	62	136	0.01
1	303	168	134	0.01
1	304	174	136	0.01
1	305	26	135	0.01
1	306	154	135	0.01
1	307	86	140	0.01
1	308	94	138	0.01
1	309	79	141	0.01
1	310	105	139	0.01
1	311	17	140	0.01
1	312	116	144	0.01
1	313	36	142	0.01
1	314	134	145	0.01
1	315	141	143	0.01
1	316	160	144	0.01
1	317	173	143	0.01
1	318	4	142	0.208
1	319	36	144	0.01
1	320	58	141	0.01
1	321	25	143	0.01
1	322	61	144	0.01
1	323	66	143	0.01
1	324	74	144	0.01
1	325	55	144	0.01
1	326	95	146	0.01
1	327	149	145	0.01
1	328	10	147	0.01
1	329	47	145	0.01
1	330	176	147	0.01
1	331	177	148	0.01
1	332	182	149	0.307
1	333	68	151	0.01
1	334	73	149	0.01
1	335	35	156	0.01
1	336	80	153	0.01
1	337	90	153	0.01
1	338	64	154	0.01
1	339	143	155	0.01
1	340	16	154	0.01
1	341	130	155	0.01
1	342	55	154	0.01
1	343	172	155	0.01
1	344	4	154	0.406
1	345	23	155	0.01
1	346	99	158	0.01
1	347	125	156	0.01
1	348	164	156	0.01
1	349	9	159	0.01
1	350	53	159	0.01
1	351	112	157	0.01
1	352	158	158	0.01
1	353	170	160	0.01
1	354	46	158	0.01
1	355	74	167	0.01
1	356	179	160	0.01
1	357	22	163	0.01
1	358	88	163	0.01
1	359	128	162	0.01
1	360	127	167	0.01
1	361	62	163	0.01
1	362	179	165	0.01
1	363	38	165	0.01
1	364	56	165	0.01
1	365	139	166	0.01
1	366	157	165	0.01
1	367	167	164	0.01
1	368	48	169	0.01
1	369	97	172	0.01
1	370	115	166	0.01
1	371	144	168	0.01
1	372	149	167	0.01
1	373	162	167	0.01
1	374	112	169	0.01
1	375	154	170	0.01
1	376	11	171	0.01
1	377	22	170	0.01
1	378	90	169	0.01
1	379	108	171	0.01
1	380	170	174	0.01
1	381	3	171	0.307
1	382	35	169	0.01
1	383	183	170	0.604
1	384	178	173	0.01
1	385	84	176	0.01
1	386	158	173	0.01
1	387	163	175	0.01
1	388	115	179	0.01
1	389	132	175	0.01
1	390	149	174	0.01
1	391	33	180	0.01
1	392	125	178	0.01
1	393	2	181	0.505
1	394	49	177	0.01
1	395	56	179	0.01
1	396	146	181	0.01
1	397	8	180	0.01
1	398	25	179	0.01
1	399	39	180	0.01
1	400	63	180	0.01
1	401	14	183	0.01
1	402	47	182	0.01
1	403	72	181	0.01
1	404	76	179	0.01
1	405	106	180	0.01
1	406	153	183	0.01
1	407	180	186	0.01
1	408	23	185	0.01
1	409	66	185	0.01
1	410	82	183	0.01
1	411	129	184	0.01
1	412	171	183	0.01
1	413	100	184	0.01
1	414	90	187	0.01
1	415	170	186	0.01
1	416	46	187	0.208
1	417	42	189	0.109
1	418	61	188	0.406
1	419	6	188	0.406
1	420	17	189	0.307
1	421	154	190	0.307
1	422	159	188	0.208
1	423	11	190	0.307
1	424	31	190	0.505
1	425	55	189	0.208
1	426	115	189	0.109
1	427	128	190	0.208
1	428	2	190	0.505
1	429	24	190	0.208
1	430	139	191	0.604
1	431	62	191	0.703
1	432	69	190	0.406
2	0	3	1	0.703
2	1	19	2	0.406
2	2	44	0	1
2	3	48	1	0.802
2	4	58	2	0.604
2	5	67	1	0.604
2	6	81	3	0.208
2	7	90	1	0.802
2	8	96	1	0.802
2	9	103	1	0.703
2	10	141	2	0.406
2	11	170	0	0.901
2	12	178	0	0.901
2	13	73	3	0.505
2	14	130	3	0.406
2	15	154	6	0.01
2	16	183	2	0.604
2	17	15	4	0.406
2	18	23	5	0.109
2	19	42	6	0.01
2	20	117	4	0.01
2	21	137	4	0.406
2	22	163	3	0.307
2	23	147	6	0.208
2	24	113	8	0.01
2	25	30	7	0.01
2	26	69	7	0.01
2	27	88	7	0.01
2	28	102	7	0.01
2	29	174	10	0.01
2	30	6	7	0.01
2	31	57	10	0.01
2	32	94	11	0.01
2	33	65	9	0.01
2	34	10	10	0.01
2	35	16	13	0.01
2	36	137	11	0.01
2	37	50	12	0.01
2	38	63	13	0.01
2	39	126	12	0.01
2	40	2	11	0.505
2	41	144	14	0.01
2	42	110	17	0.01
2	43	134	15	0.01
2	44	155	17	0.01
2	45	38	16	0.01
2	46	75	15	0.01
2	47	147	17	0.01
2	48	9	18	0.01
2	49	30	19	0.01
2	50	51	19	0.01
2	51	56	17	0.01
2	52	122	19	0.01
2	53	164	17	0.01
2	54	60	19	0.01
2	55	95	24	0.01
2	56	130	22	0.01
2	57	141	24	0.01
2	58	45	22	0.01
2	59	91	19	0.01
2	60	178	23	0.01
2	61	3	24	0.109
2	62	18	22	0.01
2	63	72	23	0.01
2	64	81	23	0.01
2	65	127	23	0.01
2	66	65	25	0.01
2	67	84	25	0.01
2	68	161	27	0.01
2	69	168	22	0.01
2	70	58	27	0.01
2	71	133	26	0.01
2	72	19	26	0.01
2	73	53	28	0.01
2	74	50	27	0.01
2	75	93	29	0.01
2	76	142	28	0.01
2	77	177	29	0.01
2	78	10	29	0.01
2	79	31	27	0.01
2	80	112	28	0.01
2	81	82	28	0.01
2	82	127	28	0.01
2	83	38	32	0.01
2	84	69	31	0.01
2	85	81	33	0.01
2	86	108	33	0.01
2	87	124	31	0.01
2	88	171	30	0.01
2	89	101	30	0.01
2	90	24	35	0.01
2	91	59	34	0.01
2	92	99	35	0.01
2	93	157	33	0.01
2	94	11	35	0.01
2	95	54	34	0.01
2	96	61	38	0.01
2	97	123	38	0.01
2	98	142	33	0.01
2	99	147	34	0.01
2	100	3	38	0.208
2	101	49	37	0.01
2	102	53	37	0.01
2	103	68	38	0.01
2	104	142	39	0.01
2	105	166	36	0.01
2	106	86	41	0.01
2	107	130	39	0.01
2	108	117	40	0.01
2	109	178	41	0.01
2	110	37	41	0.01
2	111	92	42	0.01
2	112	133	44	0.01
2	113	163	44	0.01
2	114	52	43	0.01
2	115	100	43	0.01
2	116	112	45	0.01
2	117	143	44	0.01
2	118	153	44	0.01
2	119	17	44	0.01
2	120	35	48	0.01
2	121	121	43	0.01
2	122	73	51	0.01
2	123	2	46	0.406
2	124	21	48	0.01
2	125	57	48	0.01
2	126	171	49	0.01
2	127	5	54	0.01
2	128	14	53	0.01
2	129	125	55	0.01
2	130	97	61	0.01
2	131	151	49	0.01
2	132	151	55	0.01
2	133	45	52	0.01
2	134	48	65	0.01
2	135	112	53	0.01
2	136	116	52	0.01
2	137	169	53	0.01
2	138	182	56	0.109
2	139	173	59	0.01
2	140	4	59	0.406
2	141	111	58	0.01
2	142	63	60	0.01
2	143	70	61	0.01
2	144	164	61	0.01
2	145	19	60	0.01
2	146	28	62	0.01
2	147	36	63	0.01
2	148	141	63	0.01
2	149	3	64	0.505
2	150	113	74	0.01
2	151	134	67	0.01
2	152	146	64	0.01
2	153	10	66	0.01
2	154	40	65	0.01
2	155	63	68	0.01
2	156	116	64	0.01
2	157	78	68	0.01
2	158	152	66	0.01
2	159	110	67	0.01
2	160	153	71	0.01
2	161	167	70	0.01
2	162	180	67	0.109
2	163	71	72	0.01
2	164	125	69	0.01
2	165	30	72	0.01
2	166	82	71	0.01
2	167	100	74	0.01
2	168	175	72	0.01
2	169	183	74	0.406
2	170	3	75	0.406
2	171	17	73	0.01
2	172	22	74	0.01
2	173	16	79	0.01
2	174	128	82	0.01
2	175	143	78	0.01
2	176	163	78	0.01
2	177	174	78	0.01
2	178	1	80	0.703
2	179	100	81	0.01
2	180	33	80	0.01
2	181	85	81	0.01
2	182	140	81	0.01
2	183	166	81	0.01
2	184	55	80	0.01
2	185	124	80	0.01
2	186	47	86	0.01
2	187	61	82	0.01
2	188	68	82	0.01
2	189	77	82	0.01
2	190	144	84	0.01
2	191	175	81	0.01
2	192	38	84	0.01
2	193	151	83	0.01
2	194	166	85	0.01
2	195	182	85	0.406
2	196	158	85	0.01
2	197	2	87	0.406
2	198	91	85	0.01
2	199	27	88	0.01
2	200	57	87	0.01
2	201	84	87	0.01
2	202	155	88	0.01
2	203	11	89	0.01
2	204	141	87	0.01
2	205	107	89	0.01
2	206	171	94	0.01
2	207	17	90	0.01
2	208	36	90	0.01
2	209	96	90	0.01
2	210	4	91	0.406
2	211	64	90	0.01
2	212	78	93	0.01
2	213	19	93	0.01
2	214	49	92	0.01
2	215	128	96	0.01
2	216	53	93	0.01
2	217	59	94	0.01
2	218	66	94	0.01
2	219	139	92	0.01
2	220	161	92	0.01
2	221	152	97	0.01
2	222	82	97	0.01
2	223	143	97	0.01
2	224	39	96	0.01
2	225	45	97	0.01
2	226	49	99	0.01
2	227	1	98	0.703
2	228	8	101	0.01
2	229	26	100	0.01
2	230	60	104	0.01
2	231	105	99	0.01
2	232	37	102	0.01
2	233	87	103	0.01
2	234	107	103	0.01
2	235	182	100	0.406
2	236	18	103	0.01
2	237	83	101	0.01
2	238	71	106	0.01
2	239	121	105	0.01
2	240	125	104	0.01
2	241	178	105	0.01
2	242	170	106	0.01
2	243	44	104	0.01
2	244	112	106	0.01
2	245	117	107	0.01
2	246	134	107	0.01
2	247	141	105	0.01
2	248	158	105	0.01
2	249	0	107	0.901
2	250	8	108	0.01
2	251	39	110	0.01
2	252	79	109	0.01
2	253	151	107	0.01
2	254	156	112	0.01
2	255	13	110	0.01
2	256	126	110	0.01
2	257	21	111	0.01
2	258	107	114	0.01
2	259	98	112	0.01
2	260	40	114	0.01
2	261	89	118	0.01
2	262	69	118	0.01
2	263	142	113	0.01
2	264	176	119	0.01
2	265	7	116	0.01
2	266	170	118	0.01
2	267	181	114	0.109
2	268	134	116	0.01
2	269	50	121	0.01
2	270	122	119	0.01
2	271	127	118	0.01
2	272	183	121	0.604
2	273	23	119	0.01
2	274	34	124	0.01
2	275	41	119	0.01
2	276	116	120	0.01
2	277	144	123	0.01
2	278	151	121	0.01
2	279	20	121	0.01
2	280	27	122	0.01
2	281	61	123	0.01
2	282	80	123	0.01
2	283	158	121	0.01
2	284	139	122	0.01
2	285	137	125	0.01
2	286	15	128	0.01
2	287	123	127	0.01
2	288	133	125	0.01
2	289	163	126	0.01
2	290	0	125	0.901
2	291	110	128	0.01
2	292	152	128	0.01
2	293	149	128	0.01
2	294	3	128	0.307
2	295	76	132	0.01
2	296	98	130	0.01
2	297	164	131	0.01
2	298	133	131	0.01
2	299	174	131	0.01
2	300	55	133	0.01
2	301	65	130	0.01
2	302	141	133	0.01
2	303	172	135	0.01
2	304	35	135	0.01
2	305	182	133	0.208
2	306	97	135	0.01
2	307	5	136	0.01
2	308	45	135	0.01
2	309	148	137	0.01
2	310	24	136	0.01
2	311	62	137	0.01
2	312	118	145	0.01
2	313	82	139	0.01
2	314	108	138	0.01
2	315	83	141	0.01
2	316	14	140	0.01
2	317	19	141	0.01
2	318	46	145	0.01
2	319	6	142	0.109
2	320	53	143	0.01
2	321	62	144	0.01
2	322	157	146	0.01
2	323	183	143	0.604
2	324	25	145	0.01
2	325	40	145	0.01
2	326	32	143	0.01
2	327	4	147	0.01
2	328	34	146	0.01
2	329	15	146	0.01
2	330	176	151	0.01
2	331	19	149	0.01
2	332	148	150	0.01
2	333	172	148	0.01
2	334	10	149	0.01
2	335	16	151	0.01
2	336	57	155	0.01
2	337	72	151	0.01
2	338	80	150	0.01
2	339	86	155	0.01
2	340	31	156	0.01
2	341	115	156	0.01
2	342	138	158	0.01
2	343	178	156	0.01
2	344	8	160	0.01
2	345	150	156	0.01
2	346	128	158	0.01
2	347	125	160	0.01
2	348	154	160	0.01
2	349	162	159	0.01
2	350	47	161	0.01
2	351	52	161	0.01
2	352	171	160	0.01
2	353	97	161	0.01
2	354	20	162	0.01
2	355	111	162	0.01
2	356	80	166	0.01
2	357	171	165	0.01
2	358	175	165	0.01
2	359	181	164	0.01
2	360	73	164	0.01
2	361	39	169	0.01
2	362	52	165	0.01
2	363	67	169	0.01
2	364	129	169	0.01
2	365	145	166	0.01
2	366	161	167	0.01
2	367	166	167	0.01
2	368	85	167	0.01
2	369	150	169	0.01
2	370	55	170	0.01
2	371	19	170	0.01
2	372	93	174	0.01
2	373	110	171	0.01
2	374	117	171	0.01
2	375	6	171	0.01
2	376	19	174	0.01
2	377	39	174	0.01
2	378	163	174	0.01
2	379	77	176	0.01
2	380	101	176	0.01
2	381	56	181	0.01
2	382	174	175	0.01
2	383	181	178	0.208
2	384	30	181	0.01
2	385	41	180	0.01
2	386	60	176	0.01
2	387	83	179	0.01
2	388	135	177	0.01
2	389	8	180	0.01
2	390	35	179	0.01
2	391	121	180	0.01
2	392	145	182	0.01
2	393	71	181	0.01
2	394	110	182	0.01
2	395	22	180	0.01
2	396	98	182	0.01
2	397	104	183	0.01
2	398	3	185	0.406
2	399	46	184	0.01
2	400	86	187	0.01
2	401	153	186	0.109
2	402	122	186	0.109
2	403	177	187	0.01
2	404	62	187	0.307
2	405	97	187	0.208
2	406	166	187	0.01
2	407	29	188	0.307
2	408	41	189	0.01
2	409	71	188	0.208
2	410	2	190	0.505
2	411	15	189	0.208
2	412	54	190	0.505
2	413	124	189	0.406
2	414	106	190	0.604
2	415	115	190	0.505
2	416	27	191	0.604
2	417	57	191	0.604
2	418	61	191	0.604
2	419	66	191	0.604
2	420	103	191	0.703
2	421	110	190	0.505
2	422	127	191	0.406
2	423	142	192	0.802
2	424	147	191	0.703
2	425	152	191	0.604
2	426	160	190	0.406
3	0	3	1	0.802
3	1	10	1	0.802
3	2	20	2	0.406
3	3	55	2	0.505
3	4	65	2	0.505
3	5	72	1	0.703
3	6	77	3	0.307
3	7	85	3	0.307
3	8	94	1	0.703
3	9	101	1	0.703
3	10	144	0	0.901
3	11	171	1	0.802
3	12	183	1	0.604
3	13	114	4	0.109
3	14	136	3	0.307
3	15	157	4	0.01
3	16	149	2	0.604
3	17	6	4	0.406
3	18	125	4	0.406
3	19	174	10	0.01
3	20	178	3	0.406
3	21	40	6	0.01
3	22	91	4	0.505
3	23	28	6	0.01
3	24	149	8	0.01
3	25	101	7	0.01
3	26	2	10	0.307
3	27	11	7	0.109
3	28	68	8	0.01
3	29	87	7	0.01
3	30	39	11	0.01
3	31	51	10	0.01
3	32	59	10	0.01
3	33	94	11	0.01
3	34	129	11	0.01
3	35	14	13	0.01
3	36	24	11	0.01
3	37	165	10	0.01
3	38	53	12	0.01
3	39	83	11	0.01
3	40	142	11	0.01
3	41	79	13	0.01
3	42	115	17	0.01
3	43	101	14	0.01
3	44	119	14	0.01
3	45	149	13	0.01
3	46	159	15	0.01
3	47	5	16	0.307
3	48	67	15	0.01
3	49	72	16	0.01
3	50	133	16	0.01
3	51	179	16	0.208
3	52	36	15	0.01
3	53	47	15	0.01
3	54	106	17	0.01
3	55	183	16	0.604
3	56	45	16	0.01
3	57	164	18	0.01
3	58	29	20	0.01
3	59	125	19	0.01
3	60	151	17	0.01
3	61	76	21	0.01
3	62	91	21	0.01
3	63	135	21	0.01
3	64	180	24	0.01
3	65	49	20	0.01
3	66	172	21	0.01
3	67	2	22	0.307
3	68	62	23	0.01
3	69	104	22	0.01
3	70	139	24	0.01
3	71	70	22	0.01
3	72	81	22	0.01
3	73	99	22	0.01
3	74	145	23	0.01
3	75	7	26	0.01
3	76	10	23	0.01
3	77	15	24	0.01
3	78	130	23	0.01
3	79	157	24	0.01
3	80	20	26	0.01
3	81	53	26	0.01
3	82	167	26	0.01
3	83	161	26	0.01
3	84	121	29	0.01
3	85	33	31	0.01
3	86	57	29	0.01
3	87	80	27	0.01
3	88	81	30	0.01
3	89	44	31	0.01
3	90	142	32	0.01
3	91	68	31	0.01
3	92	102	30	0.01
3	93	111	32	0.01
3	94	173	31	0.01
3	95	24	33	0.01
3	96	85	34	0.01
3	97	116	34	0.01
3	98	130	33	0.01
3	99	152	32	0.01
3	100	2	36	0.505
3	101	10	35	0.01
3	102	97	35	0.01
3	103	103	36	0.01
3	104	59	36	0.01
3	105	151	36	0.01
3	106	177	35	0.01
3	107	161	39	0.01
3	108	71	37	0.01
3	109	65	39	0.01
3	110	44	38	0.01
3	111	99	39	0.01
3	112	85	39	0.01
3	113	137	43	0.01
3	114	180	42	0.01
3	115	94	40	0.01
3	116	114	43	0.01
3	117	149	41	0.01
3	118	24	42	0.01
3	119	91	44	0.01
3	120	108	41	0.01
3	121	129	42	0.01
3	122	15	46	0.01
3	123	74	53	0.01
3	124	77	41	0.01
3	125	122	42	0.01
3	126	170	45	0.01
3	127	8	44	0.01
3	128	38	48	0.01
3	129	146	45	0.01
3	130	117	48	0.01
3	131	2	46	0.505
3	132	19	50	0.01
3	133	8	49	0.01
3	134	100	53	0.01
3	135	125	48	0.01
3	136	2	52	0.406
3	137	54	50	0.01
3	138	93	51	0.01
3	139	108	51	0.01
3	140	142	51	0.01
3	141	155	54	0.01
3	142	18	53	0.01
3	143	22	53	0.01
3	144	134	54	0.01
3	145	6	55	0.01
3	146	44	55	0.01
3	147	113	53	0.01
3	148	125	56	0.01
3	149	144	53	0.01
3	150	172	52	0.01
3	151	112	56	0.01
3	152	175	54	0.01
3	153	181	52	0.208
3	154	18	57	0.01
3	155	117	56	0.01
3	156	170	59	0.01
3	157	62	60	0.01
3	158	182	61	0.406
3	159	23	63	0.01
3	160	50	61	0.01
3	161	139	60	0.01
3	162	43	61	0.01
3	163	83	63	0.01
3	164	37	64	0.01
3	165	98	61	0.01
3	166	111	61	0.01
3	167	128	63	0.01
3	168	6	64	0.01
3	169	57	64	0.01
3	170	170	64	0.01
3	171	141	66	0.01
3	172	13	66	0.01
3	173	109	74	0.01
3	174	93	65	0.01
3	175	132	68	0.01
3	176	161	67	0.01
3	177	63	70	0.01
3	178	153	69	0.01
3	179	170	69	0.01
3	180	178	70	0.01
3	181	40	70	0.01
3	182	79	71	0.01
3	183	87	71	0.01
3	184	31	71	0.01
3	185	50	72	0.01
3	186	166	72	0.01
3	187	18	71	0.01
3	188	26	72	0.01
3	189	96	72	0.01
3	190	183	74	0.505
3	191	16	77	0.01
3	192	71	74	0.01
3	193	2	75	0.505
3	194	54	76	0.01
3	195	55	78	0.01
3	196	36	79	0.01
3	197	60	81	0.01
3	198	127	83	0.01
3	199	142	77	0.01
3	200	89	78	0.01
3	201	176	79	0.01
3	202	32	80	0.01
3	203	65	82	0.01
3	204	74	82	0.01
3	205	164	80	0.01
3	206	44	82	0.01
3	207	84	83	0.01
3	208	68	82	0.01
3	209	79	82	0.01
3	210	2	90	0.505
3	211	4	83	0.307
3	212	91	84	0.01
3	213	163	85	0.01
3	214	49	85	0.01
3	215	143	83	0.01
3	216	152	82	0.01
3	217	183	84	0.703
3	218	146	86	0.01
3	219	140	88	0.01
3	220	11	88	0.01
3	221	27	88	0.01
3	222	126	88	0.01
3	223	41	89	0.01
3	224	58	91	0.01
3	225	18	91	0.01
3	226	35	89	0.01
3	227	92	90	0.01
3	228	168	93	0.01
3	229	71	92	0.01
3	230	51	91	0.01
3	231	63	91	0.01
3	232	97	89	0.01
3	233	106	91	0.01
3	234	82	91	0.01
3	235	88	92	0.01
3	236	134	90	0.01
3	237	182	92	0.307
3	238	129	92	0.01
3	239	149	97	0.01
3	240	41	93	0.01
3	241	129	96	0.01
3	242	36	96	0.01
3	243	75	97	0.01
3	244	43	96	0.01
3	245	118	97	0.01
3	246	138	98	0.01
3	247	4	97	0.307
3	248	7	101	0.01
3	249	48	97	0.01
3	250	102	98	0.01
3	251	27	100	0.01
3	252	44	100	0.01
3	253	17	101	0.01
3	254	88	101	0.01
3	255	181	103	0.01
3	256	105	103	0.01
3	257	174	102	0.01
3	258	62	103	0.01
3	259	101	104	0.01
3	260	121	104	0.01
3	261	51	104	0.01
3	262	79	105	0.01
3	263	171	105	0.01
3	264	110	105	0.01
3	265	122	106	0.01
3	266	128	107	0.01
3	267	71	107	0.01
3	268	115	105	0.01
3	269	136	106	0.01
3	270	141	105	0.01
3	271	150	105	0.01
3	272	112	107	0.01
3	273	153	106	0.01
3	274	151	111	0.01
3	275	22	109	0.01
3	276	164	107	0.01
3	277	16	111	0.01
3	278	35	109	0.01
3	279	43	108	0.01
3	280	30	111	0.01
3	281	10	109	0.01
3	282	181	111	0.109
3	283	116	112	0.01
3	284	87	116	0.01
3	285	101	111	0.01
3	286	2	114	0.406
3	287	65	117	0.01
3	288	135	115	0.01
3	289	173	117	0.01
3	290	73	114	0.01
3	291	110	113	0.01
3	292	129	116	0.01
3	293	8	116	0.01
3	294	45	115	0.01
3	295	121	116	0.01
3	296	40	117	0.01
3	297	55	114	0.01
3	298	171	119	0.01
3	299	48	120	0.01
3	300	149	118	0.01
3	301	184	118	0.802
3	302	27	122	0.01
3	303	156	119	0.01
3	304	142	121	0.01
3	305	158	126	0.01
3	306	102	122	0.01
3	307	135	123	0.01
3	308	9	127	0.01
3	309	115	123	0.01
3	310	122	125	0.01
3	311	129	124	0.01
3	312	92	127	0.01
3	313	126	125	0.01
3	314	20	127	0.01
3	315	104	127	0.01
3	316	169	126	0.01
3	317	68	126	0.01
3	318	82	129	0.01
3	319	144	127	0.01
3	320	50	129	0.01
3	321	142	133	0.01
3	322	57	131	0.01
3	323	19	131	0.01
3	324	73	131	0.01
3	325	135	132	0.01
3	326	139	134	0.01
3	327	152	135	0.01
3	328	172	134	0.01
3	329	179	133	0.01
3	330	27	134	0.01
3	331	36	133	0.01
3	332	48	136	0.01
3	333	65	134	0.01
3	334	120	144	0.01
3	335	167	135	0.01
3	336	4	136	0.109
3	337	42	134	0.01
3	338	139	136	0.01
3	339	91	138	0.01
3	340	183	138	0.604
3	341	83	141	0.01
3	342	19	141	0.01
3	343	77	141	0.01
3	344	13	139	0.01
3	345	65	142	0.01
3	346	182	142	0.505
3	347	47	144	0.01
3	348	52	141	0.01
3	349	57	144	0.01
3	350	157	145	0.01
3	351	163	142	0.01
3	352	25	144	0.01
3	353	32	145	0.01
3	354	168	143	0.01
3	355	5	146	0.01
3	356	42	145	0.01
3	357	71	144	0.01
3	358	36	147	0.01
3	359	176	150	0.01
3	360	182	146	0.604
3	361	148	147	0.01
3	362	172	147	0.01
3	363	12	149	0.01
3	364	17	149	0.01
3	365	86	149	0.01
3	366	88	154	0.01
3	367	103	151	0.01
3	368	51	150	0.01
3	369	98	151	0.01
3	370	64	154	0.01
3	371	132	154	0.01
3	372	42	155	0.01
3	373	47	153	0.01
3	374	30	156	0.01
3	375	142	153	0.01
3	376	17	155	0.01
3	377	141	159	0.01
3	378	1	159	0.604
3	379	7	160	0.01
3	380	24	160	0.01
3	381	136	158	0.01
3	382	64	160	0.01
3	383	167	157	0.01
3	384	35	161	0.01
3	385	14	161	0.01
3	386	161	160	0.01
3	387	178	165	0.01
3	388	182	159	0.406
3	389	19	163	0.01
3	390	97	162	0.01
3	391	106	163	0.01
3	392	147	163	0.01
3	393	156	163	0.01
3	394	167	164	0.01
3	395	115	163	0.01
3	396	126	163	0.01
3	397	173	163	0.01
3	398	42	169	0.01
3	399	74	167	0.01
3	400	100	167	0.01
3	401	35	165	0.01
3	402	30	166	0.01
3	403	55	166	0.01
3	404	82	166	0.01
3	405	89	166	0.01
3	406	124	166	0.01
3	407	52	169	0.01
3	408	108	170	0.01
3	409	126	171	0.01
3	410	153	170	0.01
3	411	162	169	0.01
3	412	28	170	0.01
3	413	65	170	0.01
3	414	2	173	0.406
3	415	7	170	0.01
3	416	95	169	0.01
3	417	115	172	0.01
3	418	136	170	0.01
3	419	147	172	0.01
3	420	92	176	0.01
3	421	141	173	0.01
3	422	170	172	0.01
3	423	11	174	0.01
3	424	18	171	0.01
3	425	56	174	0.01
3	426	125	174	0.01
3	427	182	176	0.505
3	428	169	177	0.01
3	429	178	175	0.01
3	430	41	177	0.01
3	431	78	177	0.01
3	432	104	175	0.01
3	433	161	176	0.01
3	434	34	179	0.01
3	435	13	179	0.01
3	436	23	180	0.01
3	437	51	182	0.01
3	438	107	179	0.01
3	439	109	184	0.01
3	440	143	184	0.01
3	441	151	182	0.01
3	442	7	179	0.01
3	443	72	181	0.01
3	444	138	184	0.01
3	445	60	184	0.01
3	446	2	182	0.604
3	447	44	181	0.01
3	448	159	184	0.01
3	449	11	184	0.01
3	450	66	181	0.01
3	451	100	183	0.01
3	452	123	182	0.01
3	453	133	184	0.01
3	454	6	184	0.208
3	455	22	185	0.01
3	456	56	188	0.208
3	457	36	189	0.208
3	458	38	186	0.01
3	459	75	186	0.109
3	460	85	188	0.01
3	461	96	186	0.01
3	462	119	188	0.307
3	463	129	187	0.208
3	464	31	188	0.307
3	465	174	187	0.01
3	466	14	190	0.307
3	467	11	189	0.406
3	468	19	189	0.406
3	469	47	190	0.505
3	470	68	190	0.505
3	471	2	190	0.604
3	472	53	191	0.604
3	473	116	191	0.703
3	474	127	191	0.505
3	475	141	192	0.802
3	476	147	191	0.703
3	477	157	191	0.505
4	0	11	1	0.604
4	1	20	3	0.406
4	2	24	1	0.802
4	3	27	1	0.802
4	4	55	2	0.703
4	5	65	1	0.703
4	6	81	1	0.604
4	7	95	1	0.703
4	8	100	1	0.703
4	9	115	3	0.307
4	10	130	2	0.604
4	11	154	4	0.208
4	12	166	0	0.901
4	13	181	2	0.505
4	14	137	3	0.505
4	15	142	2	0.604
4	16	79	4	0.505
4	17	103	3	0.505
4	18	146	3	0.505
4	19	30	3	0.505
4	20	48	4	0.208
4	21	1	2	0.703
4	22	43	7	0.01
4	23	108	5	0.307
4	24	144	6	0.208
4	25	3	6	0.406
4	26	32	6	0.01
4	27	60	9	0.01
4	28	53	8	0.01
4	29	101	7	0.01
4	30	179	9	0.01
4	31	17	7	0.208
4	32	68	6	0.01
4	33	88	7	0.01
4	34	128	9	0.01
4	35	169	8	0.01
4	36	11	11	0.01
4	37	94	10	0.01
4	38	31	10	0.01
4	39	123	9	0.01
4	40	136	9	0.01
4	41	76	12	0.01
4	42	149	10	0.01
4	43	183	11	0.604
4	44	149	14	0.01
4	45	82	14	0.01
4	46	114	16	0.01
4	47	133	14	0.01
4	48	68	14	0.01
4	49	86	15	0.01
4	50	103	14	0.01
4	51	30	18	0.01
4	52	36	16	0.01
4	53	50	14	0.01
4	54	23	17	0.01
4	55	49	17	0.01
4	56	55	16	0.01
4	57	125	18	0.01
4	58	159	15	0.01
4	59	27	21	0.01
4	60	43	20	0.01
4	61	172	20	0.01
4	62	180	22	0.01
4	63	85	19	0.01
4	64	119	22	0.01
4	65	136	22	0.01
4	66	13	23	0.01
4	67	71	21	0.01
4	68	80	21	0.01
4	69	160	21	0.01
4	70	1	23	0.802
4	71	56	22	0.01
4	72	64	23	0.01
4	73	88	23	0.01
4	74	4	25	0.406
4	75	154	23	0.01
4	76	163	24	0.01
4	77	97	21	0.01
4	78	170	27	0.01
4	79	16	28	0.01
4	80	104	31	0.01
4	81	115	28	0.01
4	82	126	27	0.01
4	83	24	28	0.01
4	84	36	28	0.01
4	85	71	30	0.01
4	86	94	31	0.01
4	87	130	31	0.01
4	88	183	30	0.703
4	89	22	33	0.01
4	90	54	31	0.01
4	91	80	30	0.01
4	92	121	32	0.01
4	93	153	30	0.01
4	94	87	32	0.01
4	95	143	32	0.01
4	96	2	35	0.505
4	97	13	33	0.01
4	98	62	35	0.01
4	99	7	35	0.01
4	100	177	35	0.01
4	101	69	36	0.01
4	102	158	40	0.01
4	103	18	39	0.01
4	104	22	38	0.01
4	105	38	45	0.01
4	106	114	42	0.01
4	107	132	40	0.01
4	108	53	39	0.01
4	109	80	40	0.01
4	110	95	41	0.01
4	111	104	42	0.01
4	112	67	46	0.01
4	113	87	41	0.01
4	114	169	43	0.01
4	115	5	44	0.307
4	116	13	46	0.01
4	117	133	47	0.01
4	118	173	45	0.01
4	119	61	49	0.01
4	120	175	48	0.01
4	121	3	50	0.109
4	122	79	49	0.01
4	123	99	50	0.01
4	124	146	51	0.01
4	125	179	49	0.109
4	126	80	55	0.01
4	127	104	52	0.01
4	128	137	51	0.01
4	129	181	56	0.208
4	130	93	53	0.01
4	131	120	53	0.01
4	132	135	53	0.01
4	133	158	56	0.01
4	134	167	57	0.01
4	135	1	56	0.802
4	136	30	56	0.01
4	137	60	55	0.01
4	138	173	54	0.01
4	139	142	58	0.01
4	140	21	61	0.01
4	141	54	59	0.01
4	142	120	61	0.01
4	143	135	57	0.01
4	144	17	57	0.01
4	145	29	62	0.01
4	146	40	62	0.01
4	147	48	61	0.01
4	148	132	64	0.01
4	149	139	61	0.01
4	150	90	65	0.01
4	151	9	62	0.01
4	152	107	74	0.01
4	153	2	64	0.505
4	154	74	63	0.01
4	155	100	64	0.01
4	156	68	70	0.01
4	157	136	69	0.01
4	158	174	69	0.01
4	159	25	68	0.01
4	160	40	68	0.01
4	161	51	68	0.01
4	162	150	67	0.01
4	163	32	70	0.01
4	164	164	70	0.01
4	165	44	72	0.01
4	166	48	71	0.01
4	167	182	71	0.406
4	168	143	74	0.01
4	169	1	75	0.604
4	170	14	75	0.01
4	171	179	76	0.109
4	172	37	80	0.01
4	173	129	79	0.01
4	174	168	79	0.01
4	175	21	81	0.01
4	176	53	81	0.01
4	177	136	77	0.01
4	178	147	78	0.01
4	179	176	79	0.01
4	180	147	84	0.01
4	181	184	80	0.802
4	182	3	82	0.505
4	183	9	82	0.01
4	184	47	84	0.01
4	185	123	85	0.01
4	186	158	80	0.01
4	187	182	84	0.307
4	188	61	85	0.01
4	189	80	84	0.01
4	190	139	85	0.01
4	191	1	89	0.802
4	192	13	88	0.01
4	193	22	87	0.01
4	194	27	88	0.01
4	195	167	93	0.01
4	196	36	88	0.01
4	197	31	90	0.01
4	198	114	90	0.01
4	199	46	90	0.01
4	200	134	90	0.01
4	201	179	88	0.208
4	202	6	91	0.01
4	203	51	92	0.01
4	204	88	92	0.01
4	205	56	94	0.01
4	206	99	92	0.01
4	207	78	92	0.01
4	208	74	95	0.01
4	209	123	97	0.01
4	210	132	93	0.01
4	211	42	97	0.01
4	212	144	99	0.01
4	213	150	93	0.01
4	214	34	97	0.01
4	215	81	96	0.01
4	216	66	95	0.01
4	217	24	99	0.01
4	218	181	98	0.307
4	219	5	98	0.01
4	220	15	100	0.01
4	221	29	103	0.01
4	222	102	101	0.01
4	223	179	104	0.01
4	224	3	104	0.208
4	225	80	106	0.01
4	226	103	105	0.01
4	227	52	106	0.01
4	228	114	107	0.01
4	229	122	106	0.01
4	230	135	105	0.01
4	231	170	105	0.01
4	232	132	106	0.01
4	233	3	108	0.307
4	234	12	111	0.01
4	235	62	106	0.01
4	236	139	108	0.01
4	237	155	111	0.01
4	238	165	109	0.01
4	239	21	109	0.01
4	240	33	111	0.01
4	241	127	110	0.01
4	242	144	112	0.01
4	243	105	110	0.01
4	244	44	113	0.01
4	245	106	114	0.01
4	246	177	113	0.01
4	247	2	116	0.307
4	248	168	117	0.01
4	249	131	115	0.01
4	250	177	120	0.01
4	251	183	115	0.604
4	252	67	118	0.01
4	253	111	118	0.01
4	254	164	117	0.01
4	255	123	118	0.01
4	256	139	120	0.01
4	257	88	118	0.01
4	258	79	122	0.01
4	259	93	122	0.01
4	260	18	124	0.01
4	261	26	123	0.01
4	262	46	122	0.01
4	263	68	123	0.01
4	264	32	122	0.01
4	265	149	125	0.01
4	266	5	127	0.01
4	267	103	128	0.01
4	268	116	125	0.01
4	269	162	126	0.01
4	270	103	123	0.01
4	271	126	126	0.01
4	272	153	129	0.01
4	273	91	131	0.01
4	274	116	130	0.01
4	275	11	132	0.01
4	276	76	130	0.01
4	277	142	133	0.01
4	278	36	130	0.01
4	279	42	130	0.01
4	280	53	133	0.01
4	281	67	132	0.01
4	282	132	132	0.01
4	283	180	132	0.01
4	284	153	134	0.01
4	285	27	135	0.01
4	286	37	137	0.01
4	287	173	135	0.01
4	288	42	134	0.01
4	289	1	137	0.604
4	290	18	135	0.01
4	291	77	137	0.01
4	292	87	137	0.01
4	293	8	139	0.01
4	294	68	140	0.01
4	295	79	143	0.01
4	296	108	138	0.01
4	297	20	140	0.01
4	298	159	144	0.01
4	299	17	144	0.01
4	300	115	146	0.01
4	301	182	143	0.307
4	302	42	145	0.01
4	303	50	144	0.01
4	304	6	148	0.01
4	305	29	145	0.01
4	306	57	143	0.01
4	307	143	146	0.01
4	308	166	152	0.01
4	309	70	151	0.01
4	310	172	153	0.01
4	311	29	156	0.01
4	312	56	157	0.01
4	313	130	154	0.01
4	314	179	151	0.01
4	315	69	154	0.01
4	316	83	155	0.01
4	317	93	157	0.01
4	318	150	156	0.01
4	319	158	160	0.01
4	320	4	160	0.01
4	321	139	159	0.01
4	322	9	162	0.01
4	323	126	160	0.01
4	324	168	160	0.01
4	325	45	161	0.01
4	326	82	162	0.01
4	327	16	163	0.01
4	328	108	163	0.01
4	329	115	163	0.01
4	330	122	163	0.01
4	331	98	165	0.01
4	332	102	166	0.01
4	333	92	165	0.01
4	334	182	165	0.406
4	335	112	167	0.01
4	336	31	169	0.01
4	337	64	170	0.01
4	338	107	168	0.01
4	339	175	166	0.01
4	340	25	168	0.01
4	341	43	171	0.01
4	342	79	168	0.01
4	343	136	168	0.01
4	344	150	167	0.01
4	345	20	172	0.01
4	346	111	173	0.01
4	347	127	173	0.01
4	348	162	171	0.01
4	349	1	173	0.703
4	350	13	171	0.01
4	351	148	172	0.01
4	352	7	173	0.01
4	353	158	174	0.01
4	354	36	175	0.01
4	355	86	177	0.01
4	356	169	179	0.01
4	357	177	177	0.01
4	358	182	178	0.505
4	359	99	176	0.01
4	360	26	180	0.01
4	361	161	178	0.01
4	362	49	179	0.01
4	363	14	181	0.01
4	364	36	181	0.01
4	365	60	184	0.01
4	366	67	179	0.01
4	367	1	184	0.703
4	368	42	182	0.01
4	369	45	182	0.01
4	370	142	185	0.01
4	371	7	183	0.01
4	372	97	183	0.01
4	373	112	185	0.01
4	374	18	185	0.01
4	375	13	185	0.01
4	376	24	186	0.109
4	377	90	185	0.01
4	378	175	185	0.109
4	379	175	188	0.01
4	380	77	186	0.109
4	381	85	189	0.01
4	382	172	186	0.208
4	383	41	189	0.01
4	384	147	191	0.505
4	385	4	191	0.505
4	386	28	190	0.505
4	387	12	190	0.406
4	388	17	191	0.505
4	389	22	190	0.505
4	390	58	191	0.703
4	391	158	191	0.604
5	0	16	1	0.604
5	1	56	1	0.703
5	2	75	1	0.703
5	3	83	1	0.604
5	4	104	2	0.505
5	5	112	3	0.307
5	6	121	2	0.604
5	7	129	1	0.802
5	8	134	1	0.802
5	9	139	1	0.703
5	10	153	2	0.406
5	11	181	1	0.604
5	12	167	6	0.01
5	13	2	3	0.505
5	14	43	2	0.307
5	15	144	3	0.505
5	16	91	7	0.01
5	17	5	4	0.307
5	18	24	4	0.307
5	19	38	5	0.01
5	20	87	3	0.505
5	21	162	3	0.505
5	22	174	5	0.01
5	23	30	4	0.109
5	24	47	5	0.109
5	25	66	5	0.01
5	26	178	6	0.109
5	27	2	7	0.703
5	28	8	11	0.01
5	29	53	6	0.01
5	30	75	4	0.406
5	31	99	6	0.01
5	32	123	7	0.01
5	33	9	6	0.307
5	34	60	10	0.01
5	35	104	7	0.01
5	36	118	7	0.109
5	37	133	7	0.01
5	38	18	9	0.01
5	39	74	10	0.01
5	40	150	7	0.109
5	41	182	8	0.406
5	42	110	8	0.01
5	43	152	11	0.01
5	44	30	11	0.01
5	45	67	12	0.01
5	46	78	13	0.01
5	47	84	12	0.01
5	48	27	16	0.01
5	49	35	14	0.01
5	50	55	14	0.01
5	51	172	14	0.01
5	52	109	16	0.01
5	53	137	18	0.01
5	54	179	18	0.01
5	55	121	14	0.01
5	56	20	16	0.01
5	57	45	16	0.01
5	58	168	16	0.01
5	59	1	21	0.802
5	60	13	17	0.01
5	61	64	22	0.01
5	62	128	19	0.01
5	63	154	19	0.01
5	64	161	22	0.01
5	65	90	21	0.01
5	66	124	20	0.01
5	67	146	20	0.01
5	68	13	23	0.01
5	69	167	23	0.01
5	70	135	25	0.01
5	71	172	23	0.01
5	72	52	24	0.01
5	73	110	24	0.01
5	74	7	26	0.01
5	75	122	24	0.01
5	76	10	26	0.01
5	77	29	29	0.01
5	78	125	26	0.01
5	79	43	30	0.01
5	80	83	29	0.01
5	81	119	30	0.01
5	82	130	28	0.01
5	83	183	28	0.604
5	84	138	29	0.01
5	85	65	30	0.01
5	86	99	30	0.01
5	87	149	28	0.01
5	88	169	30	0.01
5	89	176	30	0.01
5	90	5	33	0.01
5	91	69	32	0.01
5	92	75	31	0.01
5	93	108	33	0.01
5	94	141	34	0.01
5	95	17	34	0.01
5	96	51	34	0.01
5	97	57	32	0.01
5	98	180	36	0.109
5	99	64	36	0.01
5	100	156	36	0.01
5	101	5	37	0.406
5	102	71	37	0.01
5	103	134	36	0.01
5	104	127	36	0.01
5	105	21	38	0.01
5	106	79	40	0.01
5	107	95	41	0.01
5	108	122	39	0.01
5	109	130	43	0.01
5	110	31	45	0.01
5	111	86	41	0.01
5	112	139	41	0.01
5	113	164	42	0.01
5	114	12	42	0.01
5	115	17	39	0.01
5	116	146	40	0.01
5	117	105	42	0.01
5	118	112	41	0.01
5	119	117	44	0.01
5	120	173	41	0.01
5	121	53	41	0.01
5	122	74	44	0.01
5	123	97	44	0.01
5	124	2	45	0.505
5	125	55	47	0.01
5	126	66	48	0.01
5	127	70	47	0.01
5	128	178	52	0.01
5	129	14	49	0.01
5	130	152	49	0.01
5	131	93	53	0.01
5	132	143	52	0.01
5	133	47	50	0.01
5	134	81	52	0.01
5	135	101	53	0.01
5	136	166	50	0.01
5	137	5	53	0.01
5	138	47	56	0.01
5	139	54	54	0.01
5	140	164	56	0.01
5	141	42	55	0.01
5	142	61	53	0.01
5	143	114	54	0.01
5	144	18	54	0.01
5	145	38	58	0.01
5	146	125	53	0.01
5	147	154	57	0.01
5	148	18	58	0.01
5	149	27	60	0.01
5	150	135	62	0.01
5	151	162	60	0.01
5	152	8	64	0.01
5	153	7	60	0.01
5	154	93	65	0.01
5	155	146	66	0.01
5	156	67	67	0.01
5	157	129	64	0.01
5	158	182	64	0.505
5	159	110	67	0.01
5	160	125	64	0.01
5	161	38	67	0.01
5	162	46	67	0.01
5	163	5	67	0.406
5	164	27	67	0.01
5	165	84	70	0.01
5	166	153	68	0.01
5	167	167	65	0.01
5	168	20	67	0.01
5	169	31	69	0.01
5	170	53	67	0.01
5	171	141	68	0.01
5	172	168	68	0.01
5	173	123	69	0.01
5	174	159	71	0.01
5	175	164	72	0.01
5	176	4	71	0.208
5	177	10	75	0.01
5	178	79	72	0.01
5	179	180	72	0.01
5	180	120	72	0.01
5	181	19	74	0.01
5	182	1	75	0.802
5	183	126	77	0.01
5	184	88	77	0.01
5	185	96	78	0.01
5	186	156	77	0.01
5	187	32	77	0.01
5	188	168	79	0.01
5	189	47	79	0.01
5	190	108	82	0.01
5	191	175	79	0.01
5	192	54	79	0.01
5	193	128	82	0.01
5	194	144	82	0.01
5	195	161	80	0.01
5	196	1	81	0.703
5	197	39	83	0.01
5	198	81	81	0.01
5	199	18	82	0.01
5	200	59	84	0.01
5	201	181	85	0.109
5	202	6	87	0.01
5	203	73	85	0.01
5	204	13	86	0.01
5	205	22	86	0.01
5	206	2	87	0.604
5	207	30	87	0.01
5	208	97	87	0.01
5	209	131	87	0.01
5	210	166	91	0.01
5	211	82	90	0.01
5	212	88	90	0.01
5	213	120	91	0.01
5	214	178	90	0.01
5	215	34	90	0.01
5	216	46	90	0.01
5	217	140	90	0.01
5	218	54	93	0.01
5	219	76	91	0.01
5	220	140	94	0.01
5	221	65	94	0.01
5	222	36	96	0.01
5	223	74	95	0.01
5	224	123	96	0.01
5	225	59	96	0.01
5	226	102	96	0.01
5	227	2	95	0.505
5	228	156	96	0.01
5	229	22	95	0.01
5	230	89	97	0.01
5	231	21	98	0.01
5	232	93	100	0.01
5	233	11	99	0.01
5	234	83	98	0.01
5	235	147	99	0.01
5	236	3	101	0.307
5	237	23	103	0.01
5	238	108	102	0.01
5	239	117	101	0.01
5	240	171	101	0.01
5	241	176	102	0.01
5	242	182	99	0.208
5	243	73	104	0.01
5	244	125	103	0.01
5	245	134	105	0.01
5	246	45	105	0.01
5	247	54	105	0.01
5	248	65	105	0.01
5	249	82	104	0.01
5	250	168	103	0.01
5	251	5	107	0.406
5	252	157	104	0.01
5	253	178	108	0.01
5	254	10	110	0.01
5	255	96	110	0.01
5	256	111	110	0.01
5	257	116	109	0.01
5	258	153	110	0.01
5	259	30	110	0.01
5	260	106	111	0.01
5	261	144	109	0.01
5	262	163	108	0.01
5	263	124	110	0.01
5	264	168	110	0.01
5	265	180	117	0.01
5	266	73	113	0.01
5	267	1	113	0.901
5	268	62	113	0.01
5	269	86	111	0.01
5	270	3	116	0.307
5	271	91	115	0.01
5	272	171	113	0.01
5	273	184	115	0.802
5	274	49	114	0.01
5	275	126	115	0.01
5	276	172	119	0.01
5	277	42	120	0.01
5	278	63	119	0.01
5	279	79	116	0.01
5	280	164	117	0.01
5	281	83	120	0.01
5	282	141	119	0.01
5	283	14	119	0.01
5	284	23	121	0.01
5	285	115	121	0.01
5	286	151	121	0.01
5	287	7	127	0.01
5	288	7	121	0.01
5	289	86	123	0.01
5	290	132	124	0.01
5	291	160	125	0.01
5	292	72	127	0.01
5	293	104	129	0.01
5	294	152	127	0.01
5	295	59	127	0.01
5	296	79	132	0.01
5	297	134	133	0.01
5	298	19	132	0.01
5	299	50	130	0.01
5	300	147	133	0.01
5	301	169	132	0.01
5	302	173	133	0.01
5	303	179	133	0.01
5	304	65	133	0.01
5	305	1	135	0.802
5	306	33	133	0.01
5	307	48	136	0.01
5	308	162	134	0.01
5	309	8	137	0.01
5	310	143	140	0.01
5	311	160	142	0.01
5	312	87	141	0.01
5	313	150	140	0.01
5	314	15	142	0.01
5	315	75	142	0.01
5	316	81	141	0.01
5	317	123	144	0.01
5	318	183	141	0.604
5	319	25	143	0.01
5	320	46	142	0.01
5	321	67	143	0.01
5	322	2	144	0.406
5	323	56	142	0.01
5	324	137	143	0.01
5	325	38	144	0.01
5	326	153	147	0.01
5	327	8	148	0.01
5	328	100	148	0.01
5	329	178	150	0.01
5	330	171	150	0.01
5	331	182	149	0.406
5	332	53	149	0.01
5	333	61	148	0.01
5	334	28	154	0.01
5	335	55	154	0.01
5	336	36	149	0.01
5	337	78	154	0.01
5	338	101	153	0.01
5	339	136	155	0.01
5	340	152	152	0.01
5	341	71	153	0.01
5	342	88	154	0.01
5	343	1	154	0.703
5	344	21	158	0.01
5	345	5	160	0.01
5	346	119	159	0.01
5	347	161	159	0.01
5	348	12	160	0.01
5	349	112	158	0.01
5	350	96	164	0.01
5	351	88	162	0.01
5	352	103	160	0.01
5	353	178	163	0.01
5	354	58	162	0.01
5	355	133	170	0.01
5	356	32	167	0.01
5	357	60	168	0.01
5	358	70	164	0.01
5	359	22	164	0.01
5	360	77	164	0.01
5	361	122	171	0.01
5	362	115	169	0.01
5	363	174	168	0.01
5	364	41	169	0.01
5	365	110	170	0.01
5	366	149	170	0.01
5	367	15	169	0.01
5	368	47	170	0.01
5	369	105	170	0.01
5	370	2	171	0.505
5	371	162	170	0.01
5	372	8	171	0.01
5	373	101	172	0.01
5	374	90	172	0.01
5	375	182	175	0.406
5	376	29	180	0.01
5	377	70	175	0.01
5	378	75	175	0.01
5	379	82	172	0.01
5	380	178	176	0.01
5	381	90	177	0.01
5	382	99	179	0.01
5	383	35	177	0.01
5	384	54	179	0.01
5	385	161	176	0.01
5	386	171	177	0.01
5	387	11	178	0.01
5	388	63	177	0.01
5	389	164	179	0.01
5	390	166	179	0.01
5	391	3	182	0.109
5	392	18	179	0.01
5	393	43	179	0.01
5	394	94	179	0.01
5	395	7	180	0.109
5	396	137	184	0.01
5	397	159	180	0.01
5	398	104	180	0.01
5	399	112	183	0.01
5	400	65	182	0.01
5	401	150	182	0.01
5	402	157	184	0.01
5	403	72	186	0.01
5	404	87	186	0.01
5	405	120	181	0.01
5	406	177	188	0.01
5	407	177	184	0.01
5	408	125	187	0.01
5	409	169	185	0.01
5	410	110	188	0.307
5	411	165	187	0.109
5	412	22	188	0.307
5	413	26	187	0.208
5	414	42	188	0.01
5	415	1	190	0.703
5	416	5	189	0.406
5	417	138	191	0.604
5	418	72	191	0.604
5	419	13	189	0.208
5	420	21	191	0.604
5	421	63	190	0.505
5	422	102	191	0.703
5	423	108	191	0.604
5	424	116	191	0.703
5	425	123	191	0.604
5	426	155	190	0.406
6	0	3	2	0.505
6	1	16	1	0.802
6	2	78	1	0.802
6	3	92	5	0.01
6	4	111	2	0.406
6	5	135	0	0.901
6	6	143	1	0.802
6	7	147	3	0.505
6	8	154	2	0.505
6	9	166	5	0.01
6	10	181	1	0.703
6	11	33	3	0.208
6	12	54	4	0.01
6	13	66	3	0.406
6	14	174	1	0.703
6	15	127	2	0.505
6	16	128	8	0.01
6	17	11	4	0.406
6	18	38	6	0.208
6	19	137	6	0.01
6	20	158	5	0.208
6	21	179	6	0.01
6	22	64	7	0.208
6	23	119	5	0.208
6	24	10	8	0.01
6	25	75	8	0.01
6	26	146	6	0.208
6	27	60	9	0.01
6	28	69	7	0.01
6	29	45	8	0.01
6	30	81	10	0.01
6	31	25	13	0.01
6	32	28	9	0.01
6	33	41	9	0.01
6	34	4	12	0.208
6	35	19	12	0.01
6	36	108	13	0.01
6	37	147	11	0.01
6	38	45	15	0.01
6	39	74	13	0.01
6	40	96	13	0.01
6	41	101	13	0.01
6	42	115	14	0.01
6	43	121	13	0.01
6	44	159	13	0.01
6	45	174	15	0.01
6	46	153	15	0.01
6	47	168	14	0.01
6	48	180	17	0.01
6	49	59	16	0.01
6	50	88	18	0.01
6	51	103	17	0.01
6	52	59	19	0.01
6	53	10	20	0.01
6	54	27	19	0.01
6	55	68	19	0.01
6	56	141	20	0.01
6	57	161	17	0.01
6	58	36	19	0.01
6	59	127	18	0.01
6	60	133	20	0.01
6	61	1	19	0.802
6	62	150	21	0.01
6	63	162	21	0.01
6	64	52	21	0.01
6	65	84	23	0.01
6	66	89	22	0.01
6	67	111	22	0.01
6	68	114	21	0.01
6	69	121	21	0.01
6	70	15	23	0.01
6	71	115	27	0.01
6	72	8	25	0.01
6	73	161	25	0.01
6	74	33	29	0.01
6	75	37	23	0.01
6	76	48	26	0.01
6	77	72	27	0.01
6	78	183	27	0.604
6	79	100	29	0.01
6	80	177	25	0.01
6	81	17	26	0.01
6	82	82	27	0.01
6	83	142	32	0.01
6	84	152	26	0.01
6	85	1	32	0.505
6	86	5	28	0.307
6	87	52	31	0.01
6	88	89	29	0.01
6	89	126	29	0.01
6	90	134	30	0.01
6	91	146	28	0.01
6	92	170	28	0.01
6	93	17	29	0.01
6	94	22	30	0.01
6	95	83	31	0.01
6	96	8	30	0.01
6	97	63	33	0.01
6	98	72	32	0.01
6	99	78	32	0.01
6	100	151	31	0.01
6	101	4	32	0.505
6	102	121	33	0.01
6	103	157	32	0.01
6	104	176	32	0.01
6	105	57	34	0.01
6	106	95	34	0.01
6	107	157	39	0.01
6	108	180	36	0.01
6	109	18	36	0.01
6	110	84	35	0.01
6	111	166	35	0.01
6	112	12	39	0.01
6	113	84	39	0.01
6	114	31	43	0.01
6	115	115	37	0.01
6	116	40	37	0.01
6	117	70	40	0.01
6	118	115	41	0.01
6	119	129	40	0.01
6	120	139	39	0.01
6	121	146	39	0.01
6	122	50	40	0.01
6	123	105	40	0.01
6	124	171	40	0.01
6	125	64	42	0.01
6	126	92	43	0.01
6	127	1	42	0.703
6	128	16	44	0.01
6	129	87	45	0.01
6	130	135	46	0.01
6	131	178	51	0.01
6	132	13	47	0.01
6	133	21	46	0.01
6	134	103	46	0.01
6	135	35	48	0.01
6	136	95	46	0.01
6	137	115	47	0.01
6	138	47	50	0.01
6	139	54	46	0.01
6	140	93	52	0.01
6	141	111	47	0.01
6	142	131	49	0.01
6	143	151	49	0.01
6	144	4	49	0.01
6	145	75	48	0.01
6	146	145	52	0.01
6	147	6	49	0.208
6	148	115	53	0.01
6	149	159	49	0.01
6	150	137	53	0.01
6	151	26	55	0.01
6	152	37	54	0.01
6	153	43	52	0.01
6	154	65	61	0.01
6	155	129	53	0.01
6	156	163	55	0.01
6	157	41	55	0.01
6	158	70	53	0.01
6	159	79	54	0.01
6	160	77	56	0.01
6	161	154	56	0.01
6	162	16	54	0.01
6	163	115	58	0.01
6	164	4	61	0.01
6	165	132	62	0.01
6	166	88	61	0.01
6	167	12	60	0.01
6	168	44	58	0.01
6	169	36	60	0.01
6	170	40	63	0.01
6	171	46	64	0.01
6	172	99	62	0.01
6	173	51	63	0.01
6	174	123	62	0.01
6	175	158	63	0.01
6	176	167	67	0.01
6	177	20	63	0.01
6	178	110	66	0.01
6	179	26	64	0.01
6	180	121	65	0.01
6	181	32	66	0.01
6	182	123	67	0.01
6	183	176	65	0.01
6	184	16	66	0.01
6	185	80	67	0.01
6	186	145	64	0.01
6	187	180	71	0.01
6	188	11	67	0.01
6	189	14	71	0.01
6	190	85	69	0.01
6	191	140	69	0.01
6	192	152	68	0.01
6	193	179	68	0.208
6	194	23	71	0.01
6	195	91	69	0.01
6	196	2	71	0.505
6	197	38	70	0.01
6	198	55	70	0.01
6	199	95	75	0.01
6	200	34	74	0.01
6	201	48	71	0.01
6	202	56	75	0.01
6	203	9	75	0.01
6	204	182	76	0.406
6	205	116	78	0.01
6	206	131	75	0.01
6	207	43	77	0.01
6	208	80	75	0.01
6	209	162	77	0.01
6	210	27	77	0.01
6	211	110	76	0.01
6	212	1	78	0.802
6	213	38	80	0.01
6	214	64	78	0.01
6	215	76	80	0.01
6	216	143	79	0.01
6	217	6	84	0.01
6	218	174	79	0.01
6	219	17	80	0.01
6	220	85	80	0.01
6	221	12	81	0.01
6	222	30	83	0.01
6	223	161	83	0.01
6	224	21	84	0.01
6	225	137	85	0.01
6	226	181	85	0.01
6	227	26	86	0.01
6	228	151	84	0.01
6	229	106	87	0.01
6	230	10	88	0.01
6	231	59	85	0.01
6	232	93	84	0.01
6	233	130	86	0.01
6	234	50	86	0.01
6	235	99	87	0.01
6	236	66	89	0.01
6	237	121	91	0.01
6	238	158	87	0.01
6	239	30	88	0.01
6	240	39	90	0.01
6	241	86	88	0.01
6	242	163	92	0.01
6	243	27	90	0.01
6	244	32	90	0.01
6	245	74	87	0.01
6	246	79	91	0.01
6	247	73	93	0.01
6	248	102	91	0.01
6	249	108	92	0.01
6	250	142	95	0.01
6	251	176	92	0.01
6	252	15	95	0.01
6	253	29	96	0.01
6	254	97	96	0.01
6	255	1	96	0.604
6	256	41	98	0.01
6	257	74	96	0.01
6	258	12	99	0.01
6	259	84	99	0.01
6	260	179	101	0.01
6	261	53	99	0.01
6	262	116	99	0.01
6	263	121	98	0.01
6	264	107	101	0.01
6	265	172	100	0.01
6	266	68	101	0.01
6	267	75	100	0.01
6	268	27	101	0.01
6	269	59	103	0.01
6	270	115	103	0.01
6	271	133	103	0.01
6	272	8	107	0.01
6	273	28	106	0.01
6	274	123	104	0.01
6	275	139	104	0.01
6	276	165	103	0.01
6	277	49	105	0.01
6	278	96	106	0.01
6	279	154	102	0.01
6	280	169	105	0.01
6	281	128	103	0.01
6	282	40	107	0.01
6	283	112	107	0.01
6	284	179	107	0.208
6	285	151	108	0.01
6	286	59	107	0.01
6	287	66	107	0.01
6	288	143	110	0.01
6	289	3	110	0.604
6	290	141	109	0.01
6	291	60	114	0.01
6	292	72	110	0.01
6	293	105	110	0.01
6	294	48	109	0.01
6	295	124	112	0.01
6	296	159	110	0.01
6	297	45	117	0.01
6	298	94	113	0.01
6	299	1	113	0.802
6	300	36	113	0.01
6	301	84	113	0.01
6	302	132	115	0.01
6	303	172	116	0.01
6	304	183	118	0.703
6	305	37	117	0.01
6	306	51	115	0.01
6	307	2	116	0.505
6	308	21	119	0.01
6	309	77	118	0.01
6	310	96	119	0.01
6	311	104	126	0.01
6	312	164	119	0.01
6	313	9	120	0.01
6	314	140	119	0.01
6	315	151	119	0.01
6	316	179	123	0.01
6	317	129	122	0.01
6	318	158	124	0.01
6	319	4	126	0.01
6	320	71	126	0.01
6	321	138	124	0.01
6	322	148	125	0.01
6	323	10	127	0.01
6	324	25	129	0.01
6	325	40	127	0.01
6	326	50	129	0.01
6	327	139	132	0.01
6	328	154	129	0.01
6	329	178	128	0.109
6	330	13	130	0.01
6	331	159	131	0.01
6	332	35	133	0.01
6	333	59	132	0.01
6	334	171	132	0.01
6	335	75	132	0.01
6	336	166	133	0.01
6	337	178	133	0.01
6	338	123	134	0.01
6	339	63	135	0.01
6	340	115	135	0.01
6	341	6	134	0.208
6	342	128	135	0.01
6	343	106	138	0.01
6	344	9	136	0.01
6	345	136	138	0.01
6	346	69	139	0.01
6	347	85	137	0.01
6	348	3	143	0.208
6	349	19	139	0.01
6	350	46	140	0.01
6	351	155	141	0.01
6	352	56	140	0.01
6	353	79	141	0.01
6	354	182	141	0.307
6	355	30	140	0.01
6	356	38	141	0.01
6	357	167	140	0.01
6	358	121	142	0.01
6	359	10	143	0.01
6	360	135	142	0.01
6	361	93	142	0.01
6	362	144	144	0.01
6	363	98	148	0.01
6	364	106	144	0.01
6	365	177	144	0.01
6	366	11	147	0.01
6	367	87	147	0.01
6	368	27	151	0.01
6	369	53	146	0.01
6	370	117	149	0.01
6	371	154	148	0.01
6	372	175	150	0.01
6	373	134	148	0.01
6	374	169	148	0.01
6	375	55	152	0.01
6	376	81	148	0.01
6	377	43	149	0.01
6	378	137	154	0.01
6	379	167	150	0.01
6	380	182	148	0.406
6	381	77	153	0.01
6	382	2	151	0.604
6	383	88	152	0.01
6	384	127	151	0.01
6	385	149	152	0.01
6	386	39	156	0.01
6	387	175	155	0.01
6	388	3	156	0.307
6	389	9	157	0.01
6	390	100	160	0.01
6	391	112	154	0.01
6	392	121	156	0.01
6	393	158	157	0.01
6	394	23	157	0.01
6	395	113	157	0.01
6	396	165	156	0.01
6	397	15	158	0.01
6	398	151	158	0.01
6	399	156	160	0.01
6	400	65	160	0.01
6	401	52	161	0.01
6	402	89	163	0.01
6	403	63	166	0.01
6	404	127	162	0.01
6	405	169	163	0.01
6	406	180	163	0.01
6	407	31	165	0.01
6	408	106	165	0.01
6	409	170	165	0.01
6	410	44	166	0.01
6	411	122	169	0.01
6	412	154	164	0.01
6	413	18	164	0.01
6	414	150	168	0.01
6	415	8	169	0.01
6	416	78	166	0.01
6	417	110	166	0.01
6	418	17	169	0.01
6	419	44	171	0.01
6	420	70	171	0.01
6	421	135	171	0.01
6	422	142	172	0.01
6	423	82	172	0.01
6	424	93	172	0.01
6	425	72	174	0.01
6	426	113	174	0.01
6	427	9	175	0.01
6	428	116	175	0.01
6	429	168	176	0.01
6	430	183	176	0.703
6	431	127	176	0.01
6	432	21	179	0.01
6	433	33	176	0.01
6	434	47	178	0.01
6	435	61	181	0.01
6	436	107	182	0.01
6	437	154	177	0.01
6	438	6	178	0.208
6	439	68	179	0.01
6	440	92	178	0.01
6	441	33	182	0.01
6	442	114	179	0.01
6	443	76	180	0.01
6	444	129	180	0.01
6	445	3	183	0.01
6	446	7	182	0.109
6	447	47	183	0.01
6	448	81	186	0.01
6	449	89	182	0.01
6	450	139	184	0.01
6	451	152	182	0.01
6	452	13	185	0.01
6	453	18	185	0.109
6	454	23	187	0.208
6	455	119	186	0.109
6	456	37	186	0.109
6	457	147	189	0.307
6	458	175	187	0.01
6	459	163	187	0.109
6	460	27	189	0.406
6	461	77	189	0.406
6	462	20	190	0.406
6	463	44	189	0.208
6	464	61	190	0.406
6	465	142	191	0.703
6	466	155	190	0.307
6	467	0	191	0.901
6	468	5	190	0.505
6	469	69	191	0.505
6	470	98	190	0.406
6	471	12	189	0.307
6	472	110	191	0.703
6	473	120	190	0.505
6	474	125	191	0.703
6	475	149	192	0.703
6	476	160	191	0.703
7	0	1	1	0.802
7	1	10	3	0.109
7	2	27	1	0.604
7	3	34	1	0.703
7	4	39	2	0.505
7	5	104	1	0.802
7	6	116	1	0.703
7	7	124	1	0.901
7	8	129	1	0.802
7	9	134	1	0.802
7	10	143	2	0.604
7	11	168	4	0.109
7	12	183	1	0.802
7	13	18	1	0.703
7	14	45	1	0.703
7	15	92	4	0.01
7	16	110	2	0.505
7	17	151	2	0.604
7	18	157	1	0.703
7	19	62	4	0.109
7	20	77	2	0.604
7	21	51	3	0.406
7	22	87	7	0.01
7	23	102	4	0.307
7	24	181	5	0.307
7	25	23	4	0.307
7	26	11	6	0.208
7	27	29	5	0.307
7	28	75	8	0.01
7	29	126	7	0.01
7	30	175	6	0.208
7	31	0	8	0.901
7	32	3	6	0.505
7	33	61	8	0.109
7	34	110	7	0.109
7	35	120	6	0.01
7	36	134	6	0.01
7	37	146	11	0.01
7	38	184	6	0.802
7	39	16	9	0.01
7	40	26	9	0.01
7	41	110	12	0.01
7	42	141	8	0.01
7	43	157	10	0.01
7	44	45	10	0.01
7	45	100	11	0.01
7	46	152	10	0.01
7	47	160	10	0.01
7	48	167	11	0.01
7	49	176	14	0.01
7	50	181	9	0.307
7	51	30	12	0.01
7	52	65	11	0.01
7	53	119	12	0.01
7	54	30	13	0.01
7	55	36	13	0.01
7	56	59	12	0.01
7	57	148	14	0.01
7	58	23	14	0.01
7	59	41	15	0.01
7	60	90	16	0.01
7	61	134	17	0.01
7	62	9	16	0.01
7	63	55	14	0.01
7	64	65	16	0.01
7	65	166	14	0.01
7	66	81	16	0.01
7	67	125	16	0.01
7	68	161	20	0.01
7	69	178	19	0.01
7	70	31	27	0.01
7	71	33	17	0.01
7	72	52	18	0.01
7	73	96	19	0.01
7	74	142	18	0.01
7	75	149	20	0.01
7	76	154	18	0.01
7	77	15	19	0.01
7	78	43	18	0.01
7	79	58	19	0.01
7	80	59	21	0.01
7	81	2	23	0.505
7	82	49	21	0.01
7	83	73	20	0.01
7	84	115	24	0.01
7	85	134	22	0.01
7	86	77	26	0.01
7	87	68	23	0.01
7	88	111	23	0.01
7	89	162	25	0.01
7	90	181	23	0.208
7	91	81	22	0.01
7	92	121	25	0.01
7	93	92	26	0.01
7	94	101	26	0.01
7	95	12	27	0.01
7	96	144	26	0.01
7	97	172	25	0.01
7	98	183	29	0.604
7	99	3	29	0.208
7	100	58	29	0.01
7	101	126	26	0.01
7	102	140	30	0.01
7	103	135	28	0.01
7	104	152	27	0.01
7	105	77	30	0.01
7	106	81	29	0.01
7	107	106	30	0.01
7	108	175	31	0.01
7	109	46	31	0.01
7	110	49	33	0.01
7	111	83	32	0.01
7	112	128	37	0.01
7	113	8	36	0.01
7	114	57	35	0.01
7	115	66	34	0.01
7	116	80	33	0.01
7	117	148	34	0.01
7	118	86	38	0.01
7	119	119	34	0.01
7	120	159	36	0.01
7	121	181	35	0.406
7	122	73	36	0.01
7	123	3	37	0.505
7	124	14	39	0.01
7	125	178	37	0.208
7	126	184	37	0.802
7	127	100	41	0.01
7	128	107	37	0.01
7	129	138	38	0.01
7	130	147	38	0.01
7	131	171	38	0.01
7	132	114	38	0.01
7	133	40	39	0.01
7	134	51	40	0.01
7	135	69	41	0.01
7	136	136	40	0.01
7	137	167	41	0.01
7	138	19	40	0.01
7	139	37	40	0.01
7	140	61	43	0.01
7	141	134	42	0.01
7	142	31	43	0.01
7	143	51	44	0.01
7	144	65	45	0.01
7	145	79	44	0.01
7	146	96	43	0.01
7	147	117	41	0.01
7	148	173	43	0.01
7	149	178	46	0.01
7	150	116	49	0.01
7	151	143	43	0.01
7	152	170	44	0.01
7	153	23	44	0.01
7	154	41	45	0.01
7	155	135	45	0.01
7	156	91	46	0.01
7	157	143	50	0.01
7	158	48	48	0.01
7	159	127	48	0.01
7	160	132	47	0.01
7	161	157	48	0.01
7	162	4	46	0.01
7	163	53	50	0.01
7	164	59	49	0.01
7	165	24	52	0.01
7	166	69	50	0.01
7	167	80	48	0.01
7	168	94	51	0.01
7	169	168	51	0.01
7	170	36	53	0.01
7	171	41	51	0.01
7	172	46	52	0.01
7	173	77	52	0.01
7	174	106	51	0.01
7	175	161	50	0.01
7	176	30	52	0.01
7	177	74	53	0.01
7	178	120	54	0.01
7	179	15	51	0.01
7	180	86	54	0.01
7	181	165	54	0.01
7	182	182	55	0.406
7	183	3	58	0.406
7	184	9	57	0.01
7	185	114	57	0.01
7	186	128	61	0.01
7	187	129	55	0.01
7	188	64	58	0.01
7	189	51	60	0.01
7	190	33	59	0.01
7	191	38	59	0.01
7	192	41	61	0.01
7	193	46	59	0.01
7	194	163	58	0.01
7	195	20	61	0.01
7	196	56	60	0.01
7	197	89	59	0.01
7	198	120	60	0.01
7	199	150	63	0.01
7	200	159	60	0.01
7	201	75	62	0.01
7	202	106	61	0.01
7	203	170	61	0.01
7	204	27	62	0.01
7	205	133	62	0.01
7	206	84	64	0.01
7	207	132	63	0.01
7	208	140	64	0.01
7	209	130	66	0.01
7	210	136	66	0.01
7	211	9	64	0.01
7	212	68	66	0.01
7	213	115	65	0.01
7	214	162	66	0.01
7	215	182	65	0.208
7	216	3	67	0.307
7	217	12	66	0.01
7	218	109	67	0.01
7	219	173	67	0.01
7	220	31	66	0.01
7	221	54	70	0.01
7	222	53	66	0.01
7	223	134	68	0.01
7	224	18	68	0.01
7	225	44	67	0.01
7	226	96	66	0.01
7	227	176	68	0.01
7	228	12	70	0.01
7	229	30	69	0.01
7	230	103	69	0.01
7	231	179	70	0.109
7	232	35	73	0.01
7	233	62	69	0.01
7	234	72	70	0.01
7	235	90	70	0.01
7	236	99	71	0.01
7	237	46	71	0.01
7	238	66	72	0.01
7	239	51	73	0.01
7	240	77	73	0.01
7	241	154	71	0.01
7	242	173	74	0.01
7	243	39	75	0.01
7	244	122	75	0.01
7	245	157	75	0.01
7	246	108	76	0.01
7	247	148	72	0.01
7	248	164	75	0.01
7	249	6	78	0.01
7	250	17	74	0.01
7	251	76	76	0.01
7	252	139	77	0.01
7	253	153	75	0.01
7	254	26	78	0.01
7	255	18	78	0.01
7	256	49	81	0.01
7	257	54	77	0.01
7	258	149	78	0.01
7	259	132	79	0.01
7	260	72	79	0.01
7	261	181	80	0.109
7	262	91	80	0.01
7	263	68	84	0.01
7	264	36	85	0.01
7	265	85	84	0.01
7	266	48	86	0.01
7	267	157	83	0.01
7	268	166	87	0.01
7	269	27	85	0.01
7	270	115	86	0.01
7	271	121	90	0.01
7	272	126	85	0.01
7	273	131	86	0.01
7	274	151	86	0.01
7	275	9	91	0.01
7	276	72	89	0.01
7	277	96	93	0.01
7	278	142	88	0.01
7	279	35	91	0.01
7	280	21	90	0.01
7	281	107	89	0.01
7	282	113	91	0.01
7	283	133	90	0.01
7	284	86	91	0.01
7	285	145	95	0.01
7	286	168	93	0.01
7	287	72	93	0.01
7	288	77	92	0.01
7	289	1	94	0.802
7	290	6	95	0.208
7	291	49	96	0.01
7	292	53	92	0.01
7	293	136	94	0.01
7	294	180	97	0.01
7	295	151	95	0.01
7	296	73	99	0.01
7	297	121	97	0.01
7	298	57	100	0.01
7	299	107	100	0.01
7	300	115	100	0.01
7	301	171	100	0.01
7	302	35	100	0.01
7	303	86	99	0.01
7	304	139	100	0.01
7	305	158	99	0.01
7	306	45	102	0.01
7	307	83	102	0.01
7	308	124	103	0.01
7	309	148	100	0.01
7	310	7	103	0.01
7	311	27	100	0.01
7	312	132	101	0.01
7	313	170	103	0.01
7	314	1	101	0.802
7	315	23	104	0.01
7	316	98	107	0.01
7	317	34	105	0.01
7	318	87	104	0.01
7	319	150	106	0.01
7	320	61	108	0.01
7	321	89	107	0.01
7	322	165	105	0.01
7	323	11	108	0.01
7	324	18	107	0.01
7	325	46	106	0.01
7	326	108	109	0.01
7	327	112	108	0.01
7	328	161	109	0.01
7	329	40	112	0.01
7	330	70	110	0.01
7	331	153	112	0.01
7	332	83	109	0.01
7	333	125	111	0.01
7	334	128	109	0.01
7	335	82	111	0.01
7	336	114	111	0.01
7	337	135	111	0.01
7	338	175	113	0.01
7	339	21	111	0.01
7	340	31	111	0.01
7	341	47	112	0.01
7	342	51	113	0.01
7	343	56	112	0.01
7	344	117	112	0.01
7	345	184	114	0.802
7	346	21	116	0.01
7	347	96	113	0.01
7	348	99	114	0.01
7	349	126	114	0.01
7	350	34	116	0.01
7	351	71	114	0.01
7	352	76	115	0.01
7	353	164	113	0.01
7	354	8	114	0.01
7	355	55	116	0.01
7	356	135	114	0.01
7	357	158	122	0.01
7	358	141	116	0.01
7	359	154	116	0.01
7	360	108	116	0.01
7	361	118	117	0.01
7	362	87	123	0.01
7	363	129	118	0.01
7	364	142	120	0.01
7	365	169	120	0.01
7	366	61	118	0.01
7	367	82	119	0.01
7	368	132	119	0.01
7	369	150	119	0.01
7	370	65	124	0.01
7	371	110	124	0.01
7	372	4	122	0.01
7	373	148	121	0.01
7	374	44	124	0.01
7	375	125	122	0.01
7	376	25	125	0.01
7	377	52	125	0.01
7	378	14	126	0.01
7	379	125	126	0.01
7	380	6	126	0.01
7	381	133	126	0.01
7	382	181	124	0.307
7	383	39	128	0.01
7	384	139	130	0.01
7	385	178	131	0.01
7	386	31	130	0.01
7	387	104	130	0.01
7	388	166	130	0.01
7	389	60	132	0.01
7	390	90	131	0.01
7	391	171	128	0.01
7	392	53	132	0.01
7	393	6	132	0.01
7	394	70	132	0.01
7	395	130	134	0.01
7	396	18	136	0.01
7	397	19	133	0.01
7	398	38	134	0.01
7	399	83	134	0.01
7	400	96	134	0.01
7	401	35	138	0.01
7	402	44	137	0.01
7	403	79	137	0.01
7	404	93	136	0.01
7	405	157	135	0.01
7	406	158	141	0.01
7	407	55	137	0.01
7	408	70	136	0.01
7	409	127	138	0.01
7	410	2	140	0.406
7	411	17	141	0.01
7	412	31	139	0.01
7	413	48	140	0.01
7	414	88	138	0.01
7	415	98	139	0.01
7	416	115	140	0.01
7	417	182	138	0.307
7	418	84	141	0.01
7	419	147	141	0.01
7	420	8	142	0.01
7	421	88	142	0.01
7	422	142	141	0.01
7	423	163	143	0.01
7	424	54	143	0.01
7	425	104	143	0.01
7	426	175	146	0.01
7	427	25	143	0.01
7	428	28	143	0.01
7	429	76	149	0.01
7	430	36	146	0.01
7	431	48	149	0.01
7	432	65	144	0.01
7	433	88	146	0.01
7	434	134	150	0.01
7	435	164	147	0.01
7	436	14	148	0.01
7	437	28	151	0.01
7	438	84	145	0.01
7	439	141	146	0.01
7	440	61	146	0.01
7	441	7	149	0.208
7	442	100	152	0.01
7	443	6	154	0.01
7	444	70	153	0.01
7	445	112	152	0.01
7	446	121	153	0.01
7	447	88	155	0.01
7	448	45	155	0.01
7	449	127	156	0.01
7	450	153	153	0.01
7	451	162	154	0.01
7	452	116	156	0.01
7	453	90	156	0.01
7	454	102	157	0.01
7	455	150	157	0.01
7	456	179	160	0.01
7	457	1	158	0.703
7	458	71	157	0.01
7	459	76	159	0.01
7	460	30	159	0.01
7	461	50	161	0.01
7	462	62	162	0.01
7	463	11	161	0.01
7	464	14	161	0.01
7	465	72	161	0.01
7	466	81	161	0.01
7	467	5	164	0.01
7	468	21	164	0.01
7	469	34	163	0.01
7	470	44	161	0.01
7	471	122	165	0.01
7	472	152	165	0.01
7	473	170	162	0.01
7	474	1	167	0.604
7	475	79	162	0.01
7	476	83	167	0.01
7	477	102	163	0.01
7	478	108	164	0.01
7	479	134	163	0.01
7	480	143	165	0.01
7	481	162	164	0.01
7	482	47	166	0.01
7	483	40	166	0.01
7	484	66	166	0.01
7	485	141	166	0.01
7	486	10	168	0.01
7	487	43	167	0.01
7	488	56	168	0.01
7	489	98	166	0.01
7	490	31	171	0.01
7	491	121	170	0.01
7	492	69	171	0.01
7	493	169	172	0.01
7	494	50	170	0.01
7	495	86	173	0.01
7	496	100	170	0.01
7	497	107	176	0.01
7	498	172	170	0.01
7	499	182	170	0.505
7	500	157	174	0.01
7	501	177	172	0.01
7	502	18	175	0.01
7	503	52	176	0.01
7	504	140	179	0.01
7	505	8	174	0.01
7	506	27	174	0.01
7	507	93	174	0.01
7	508	143	173	0.01
7	509	182	175	0.505
7	510	64	173	0.01
7	511	164	173	0.01
7	512	3	176	0.406
7	513	115	178	0.01
7	514	37	176	0.01
7	515	1	179	0.802
7	516	30	178	0.01
7	517	76	184	0.01
7	518	175	178	0.01
7	519	177	180	0.01
7	520	13	181	0.01
7	521	19	182	0.01
7	522	52	182	0.01
7	523	72	178	0.01
7	524	85	183	0.01
7	525	127	178	0.01
7	526	170	179	0.01
7	527	120	181	0.01
7	528	174	185	0.01
7	529	90	182	0.01
7	530	123	183	0.01
7	531	145	183	0.01
7	532	32	186	0.01
7	533	38	182	0.01
7	534	67	184	0.01
7	535	101	183	0.01
7	536	45	184	0.01
7	537	137	185	0.01
7	538	61	185	0.01
7	539	93	187	0.01
7	540	96	186	0.109
7	541	135	186	0.208
7	542	150	184	0.01
7	543	154	187	0.01
7	544	3	183	0.208
7	545	11	188	0.01
7	546	53	186	0.109
7	547	116	188	0.01
7	548	166	187	0.208
7	549	47	187	0.01
7	550	121	187	0.208
7	551	24	188	0.406
7	552	42	189	0.307
7	553	100	187	0.307
7	554	139	189	0.208
7	555	100	190	0.406
7	556	172	191	0.604
7	557	22	191	0.604
7	558	61	190	0.406
7	559	72	191	0.604
7	560	39	192	0.901
7	561	44	192	0.901
7	562	52	191	0.604
7	563	87	192	0.802
7	564	93	191	0.703
7	565	165	191	0.604
8	0	1	0	0.901
8	1	11	4	0.109
8	2	23	0	0.901
8	3	28	1	0.802
8	4	32	1	0.703
8	5	57	3	0.109
8	6	82	1	0.604
8	7	88	3	0.109
8	8	102	1	0.802
8	9	110	1	0.703
8	10	133	0	0.901
8	11	142	1	0.802
8	12	150	1	0.802
8	13	158	1	0.604
8	14	183	1	0.703
8	15	36	2	0.604
8	16	43	2	0.505
8	17	171	3	0.307
8	18	73	7	0.01
8	19	97	2	0.604
8	20	3	3	0.604
8	21	119	4	0.208
8	22	129	6	0.01
8	23	69	4	0.604
8	24	22	9	0.01
8	25	91	6	0.109
8	26	3	8	0.307
8	27	31	7	0.01
8	28	97	8	0.01
8	29	106	10	0.01
8	30	150	8	0.01
8	31	115	8	0.109
8	32	183	7	0.604
8	33	47	9	0.01
8	34	69	11	0.01
8	35	39	12	0.01
8	36	163	11	0.01
8	37	169	11	0.01
8	38	55	16	0.01
8	39	118	12	0.01
8	40	132	17	0.01
8	41	139	13	0.01
8	42	148	15	0.01
8	43	15	15	0.01
8	44	63	17	0.01
8	45	81	15	0.01
8	46	90	16	0.01
8	47	177	15	0.01
8	48	6	18	0.01
8	49	18	15	0.01
8	50	184	16	0.802
8	51	155	18	0.01
8	52	67	17	0.01
8	53	27	17	0.01
8	54	138	20	0.01
8	55	162	21	0.01
8	56	167	19	0.01
8	57	34	27	0.01
8	58	76	24	0.01
8	59	113	23	0.01
8	60	121	24	0.01
8	61	103	26	0.01
8	62	93	26	0.01
8	63	179	24	0.109
8	64	11	27	0.01
8	65	152	26	0.01
8	66	183	25	0.505
8	67	1	28	0.703
8	68	60	28	0.01
8	69	127	27	0.01
8	70	174	30	0.01
8	71	141	27	0.01
8	72	160	29	0.01
8	73	112	31	0.01
8	74	27	32	0.01
8	75	144	34	0.01
8	76	55	34	0.01
8	77	60	35	0.01
8	78	67	33	0.01
8	79	131	37	0.01
8	80	156	36	0.01
8	81	85	37	0.01
8	82	118	35	0.01
8	83	19	37	0.01
8	84	104	37	0.01
8	85	113	37	0.01
8	86	169	39	0.01
8	87	183	38	0.604
8	88	9	37	0.01
8	89	31	41	0.01
8	90	71	36	0.01
8	91	73	40	0.01
8	92	56	39	0.01
8	93	65	42	0.01
8	94	157	41	0.01
8	95	99	42	0.01
8	96	109	41	0.01
8	97	48	42	0.01
8	98	1	45	0.802
8	99	113	48	0.01
8	100	173	44	0.01
8	101	6	46	0.01
8	102	145	48	0.01
8	103	179	46	0.01
8	104	122	47	0.01
8	105	133	46	0.01
8	106	155	46	0.01
8	107	90	47	0.01
8	108	80	48	0.01
8	109	97	50	0.01
8	110	102	48	0.01
8	111	127	47	0.01
8	112	46	50	0.01
8	113	59	49	0.01
8	114	68	50	0.01
8	115	73	49	0.01
8	116	165	49	0.01
8	117	20	51	0.01
8	118	42	50	0.01
8	119	52	49	0.01
8	120	36	51	0.01
8	121	29	53	0.01
8	122	146	54	0.01
8	123	159	53	0.01
8	124	182	54	0.307
8	125	12	53	0.01
8	126	62	57	0.01
8	127	143	55	0.01
8	128	6	58	0.01
8	129	107	54	0.01
8	130	129	58	0.01
8	131	46	58	0.01
8	132	96	56	0.01
8	133	35	57	0.01
8	134	77	56	0.01
8	135	83	56	0.01
8	136	88	59	0.01
8	137	100	58	0.01
8	138	106	60	0.01
8	139	154	57	0.01
8	140	40	62	0.01
8	141	147	63	0.01
8	142	22	61	0.01
8	143	30	60	0.01
8	144	74	62	0.01
8	145	165	59	0.01
8	146	138	62	0.01
8	147	114	61	0.01
8	148	121	63	0.01
8	149	180	66	0.01
8	150	173	60	0.01
8	151	15	66	0.01
8	152	51	64	0.01
8	153	54	69	0.01
8	154	92	68	0.01
8	155	7	68	0.01
8	156	31	70	0.01
8	157	79	67	0.01
8	158	64	67	0.01
8	159	165	71	0.01
8	160	113	73	0.01
8	161	71	72	0.01
8	162	77	71	0.01
8	163	42	70	0.01
8	164	9	75	0.01
8	165	61	75	0.01
8	166	81	74	0.01
8	167	130	74	0.01
8	168	148	73	0.01
8	169	154	75	0.01
8	170	168	77	0.01
8	171	20	78	0.01
8	172	143	75	0.01
8	173	98	77	0.01
8	174	136	75	0.01
8	175	4	81	0.01
8	176	45	78	0.01
8	177	86	77	0.01
8	178	175	78	0.01
8	179	182	75	0.406
8	180	108	81	0.01
8	181	180	82	0.01
8	182	53	82	0.01
8	183	64	80	0.01
8	184	72	84	0.01
8	185	92	80	0.01
8	186	151	82	0.01
8	187	29	82	0.01
8	188	36	80	0.01
8	189	125	84	0.01
8	190	162	87	0.01
8	191	38	86	0.01
8	192	28	86	0.01
8	193	132	86	0.01
8	194	138	85	0.01
8	195	12	92	0.01
8	196	105	88	0.01
8	197	117	88	0.01
8	198	20	90	0.01
8	199	141	91	0.01
8	200	175	89	0.01
8	201	183	90	0.604
8	202	5	91	0.109
8	203	28	92	0.01
8	204	54	90	0.01
8	205	93	91	0.01
8	206	50	95	0.01
8	207	69	94	0.01
8	208	113	98	0.01
8	209	119	95	0.01
8	210	150	96	0.01
8	211	175	94	0.01
8	212	173	98	0.01
8	213	1	94	0.802
8	214	62	97	0.01
8	215	29	102	0.01
8	216	105	97	0.01
8	217	78	96	0.01
8	218	22	99	0.01
8	219	54	100	0.01
8	220	128	97	0.01
8	221	90	99	0.01
8	222	148	100	0.01
8	223	173	102	0.01
8	224	7	103	0.01
8	225	96	105	0.01
8	226	150	106	0.01
8	227	128	103	0.01
8	228	108	104	0.01
8	229	69	104	0.01
8	230	10	108	0.01
8	231	89	108	0.01
8	232	60	109	0.01
8	233	43	110	0.01
8	234	176	107	0.01
8	235	81	111	0.01
8	236	112	110	0.01
8	237	142	111	0.01
8	238	1	111	0.703
8	239	72	111	0.01
8	240	120	112	0.01
8	241	169	114	0.01
8	242	33	113	0.01
8	243	127	113	0.01
8	244	160	112	0.01
8	245	181	112	0.208
8	246	24	114	0.01
8	247	53	115	0.01
8	248	12	116	0.01
8	249	136	117	0.01
8	250	155	120	0.01
8	251	70	118	0.01
8	252	109	122	0.01
8	253	65	123	0.01
8	254	90	122	0.01
8	255	145	121	0.01
8	256	3	124	0.109
8	257	126	121	0.01
8	258	165	121	0.01
8	259	182	121	0.505
8	260	11	124	0.01
8	261	26	125	0.01
8	262	19	124	0.01
8	263	115	127	0.01
8	264	176	128	0.01
8	265	45	124	0.01
8	266	134	129	0.01
8	267	123	128	0.01
8	268	165	129	0.01
8	269	31	131	0.01
8	270	75	133	0.01
8	271	88	132	0.01
8	272	146	130	0.01
8	273	4	133	0.307
8	274	19	134	0.01
8	275	9	134	0.01
8	276	40	134	0.01
8	277	47	136	0.01
8	278	57	135	0.01
8	279	105	133	0.01
8	280	114	136	0.01
8	281	35	137	0.01
8	282	98	138	0.01
8	283	153	138	0.01
8	284	181	137	0.109
8	285	110	137	0.01
8	286	16	139	0.01
8	287	124	139	0.01
8	288	141	137	0.01
8	289	5	140	0.01
8	290	184	140	0.802
8	291	84	141	0.01
8	292	89	141	0.01
8	293	106	142	0.01
8	294	113	143	0.01
8	295	39	143	0.01
8	296	61	141	0.01
8	297	64	143	0.01
8	298	69	145	0.01
8	299	28	148	0.01
8	300	51	147	0.01
8	301	134	149	0.01
8	302	182	146	0.307
8	303	80	149	0.01
8	304	172	147	0.01
8	305	13	147	0.01
8	306	42	149	0.01
8	307	154	148	0.01
8	308	3	151	0.208
8	309	98	153	0.01
8	310	108	150	0.01
8	311	119	149	0.01
8	312	55	152	0.01
8	313	89	151	0.01
8	314	114	154	0.01
8	315	158	154	0.01
8	316	1	156	0.802
8	317	110	156	0.01
8	318	147	156	0.01
8	319	11	154	0.01
8	320	178	155	0.109
8	321	72	158	0.01
8	322	57	161	0.01
8	323	82	157	0.01
8	324	122	163	0.01
8	325	178	161	0.01
8	326	28	163	0.01
8	327	18	160	0.01
8	328	44	159	0.01
8	329	86	165	0.01
8	330	169	162	0.01
8	331	40	161	0.01
8	332	107	163	0.01
8	333	146	164	0.01
8	334	161	164	0.01
8	335	1	164	0.703
8	336	8	165	0.01
8	337	100	165	0.01
8	338	155	165	0.01
8	339	66	167	0.01
8	340	133	168	0.01
8	341	139	167	0.01
8	342	35	170	0.01
8	343	73	168	0.01
8	344	168	168	0.01
8	345	52	171	0.01
8	346	66	173	0.01
8	347	101	171	0.01
8	348	106	177	0.01
8	349	172	174	0.01
8	350	183	172	0.703
8	351	2	172	0.604
8	352	18	176	0.01
8	353	70	173	0.01
8	354	85	174	0.01
8	355	52	176	0.01
8	356	94	174	0.01
8	357	119	175	0.01
8	358	154	174	0.01
8	359	159	176	0.01
8	360	35	174	0.01
8	361	4	177	0.109
8	362	136	180	0.01
8	363	31	177	0.01
8	364	78	184	0.01
8	365	175	185	0.01
8	366	37	185	0.01
8	367	45	182	0.01
8	368	1	183	0.703
8	369	42	186	0.01
8	370	5	184	0.01
8	371	16	188	0.01
8	372	21	185	0.109
8	373	48	187	0.01
8	374	55	186	0.01
8	375	31	186	0.01
8	376	3	189	0.505
8	377	100	187	0.109
8	378	153	188	0.01
8	379	92	190	0.604
8	380	112	189	0.109
8	381	168	190	0.604
8	382	161	188	0.208
8	383	59	191	0.604
8	384	138	191	0.505
8	385	2	191	0.703
8	386	55	191	0.703
8	387	64	191	0.703
8	388	70	192	0.802
8	389	95	192	0.802
8	390	127	191	0.703
9	0	12	1	0.802
9	1	24	0	0.901
9	2	34	1	0.703
9	3	54	3	0.208
9	4	65	1	0.802
9	5	82	1	0.703
9	6	100	1	0.802
9	7	105	1	0.901
9	8	109	1	0.802
9	9	143	0	1
9	10	147	0	0.901
9	11	151	0	0.901
9	12	179	1	0.703
9	13	182	1	0.802
9	14	5	4	0.109
9	15	125	1	0.901
9	16	167	2	0.307
9	17	44	2	0.604
9	18	90	3	0.208
9	19	71	7	0.01
9	20	167	4	0.505
9	21	8	5	0.307
9	22	26	4	0.208
9	23	104	3	0.406
9	24	116	3	0.307
9	25	128	4	0.109
9	26	142	2	0.505
9	27	106	10	0.01
9	28	180	5	0.406
9	29	17	6	0.01
9	30	145	8	0.01
9	31	38	10	0.01
9	32	124	8	0.109
9	33	95	8	0.01
9	34	156	7	0.01
9	35	162	8	0.01
9	36	182	9	0.208
9	37	21	12	0.01
9	38	49	9	0.01
9	39	81	8	0.01
9	40	97	10	0.01
9	41	167	9	0.01
9	42	174	8	0.01
9	43	116	9	0.01
9	44	57	10	0.01
9	45	173	14	0.01
9	46	84	14	0.01
9	47	7	17	0.01
9	48	28	13	0.01
9	49	55	17	0.01
9	50	64	15	0.01
9	51	122	14	0.01
9	52	160	14	0.01
9	53	94	15	0.01
9	54	129	14	0.01
9	55	138	15	0.01
9	56	40	17	0.01
9	57	158	16	0.01
9	58	48	17	0.01
9	59	90	18	0.01
9	60	133	19	0.01
9	61	149	17	0.01
9	62	21	18	0.01
9	63	22	24	0.01
9	64	73	17	0.01
9	65	182	18	0.505
9	66	110	21	0.01
9	67	119	19	0.01
9	68	78	20	0.01
9	69	114	25	0.01
9	70	143	25	0.01
9	71	44	21	0.01
9	72	73	25	0.01
9	73	90	22	0.01
9	74	127	23	0.01
9	75	140	21	0.01
9	76	179	23	0.01
9	77	98	25	0.01
9	78	121	25	0.01
9	79	42	25	0.01
9	80	135	23	0.01
9	81	1	26	0.802
9	82	167	24	0.01
9	83	158	24	0.01
9	84	57	27	0.01
9	85	83	27	0.01
9	86	89	28	0.01
9	87	173	28	0.01
9	88	33	28	0.01
9	89	63	30	0.01
9	90	52	28	0.01
9	91	156	32	0.01
9	92	176	31	0.01
9	93	8	34	0.01
9	94	150	31	0.01
9	95	109	31	0.01
9	96	127	33	0.01
9	97	17	33	0.01
9	98	31	37	0.01
9	99	169	33	0.01
9	100	83	36	0.01
9	101	99	33	0.01
9	102	104	36	0.01
9	103	181	34	0.208
9	104	58	36	0.01
9	105	164	36	0.01
9	106	49	37	0.01
9	107	128	39	0.01
9	108	141	36	0.01
9	109	144	44	0.01
9	110	68	39	0.01
9	111	103	41	0.01
9	112	2	43	0.604
9	113	86	41	0.01
9	114	175	42	0.01
9	115	35	42	0.01
9	116	116	40	0.01
9	117	5	43	0.109
9	118	93	42	0.01
9	119	111	42	0.01
9	120	116	46	0.01
9	121	127	44	0.01
9	122	158	47	0.01
9	123	164	42	0.01
9	124	0	47	0.901
9	125	17	49	0.01
9	126	56	45	0.01
9	127	70	47	0.01
9	128	85	45	0.01
9	129	45	48	0.01
9	130	77	48	0.01
9	131	85	48	0.01
9	132	94	48	0.01
9	133	166	49	0.01
9	134	26	48	0.01
9	135	35	49	0.01
9	136	105	48	0.01
9	137	175	49	0.01
9	138	114	51	0.01
9	139	138	51	0.01
9	140	63	51	0.01
9	141	134	52	0.01
9	142	178	53	0.109
9	143	182	52	0.406
9	144	7	54	0.01
9	145	64	54	0.01
9	146	126	55	0.01
9	147	145	59	0.01
9	148	180	54	0.406
9	149	47	58	0.01
9	150	79	55	0.01
9	151	84	58	0.01
9	152	100	55	0.01
9	153	111	54	0.01
9	154	181	55	0.505
9	155	23	59	0.01
9	156	56	57	0.01
9	157	92	56	0.01
9	158	109	57	0.01
9	159	39	57	0.01
9	160	153	55	0.01
9	161	165	57	0.01
9	162	176	57	0.01
9	163	4	60	0.307
9	164	31	57	0.01
9	165	68	61	0.01
9	166	75	59	0.01
9	167	129	62	0.01
9	168	109	62	0.01
9	169	168	62	0.01
9	170	73	63	0.01
9	171	90	66	0.01
9	172	181	64	0.109
9	173	98	64	0.01
9	174	10	65	0.01
9	175	16	64	0.01
9	176	84	65	0.01
9	177	176	65	0.01
9	178	87	67	0.01
9	179	126	66	0.01
9	180	4	67	0.109
9	181	37	68	0.01
9	182	56	67	0.01
9	183	73	66	0.01
9	184	112	71	0.01
9	185	137	67	0.01
9	186	151	67	0.01
9	187	26	66	0.01
9	188	68	67	0.01
9	189	159	69	0.01
9	190	75	71	0.01
9	191	85	70	0.01
9	192	138	72	0.01
9	193	17	71	0.01
9	194	11	71	0.01
9	195	170	71	0.01
9	196	4	72	0.406
9	197	124	73	0.01
9	198	94	72	0.01
9	199	147	75	0.01
9	200	157	75	0.01
9	201	50	78	0.01
9	202	129	74	0.01
9	203	22	75	0.01
9	204	180	77	0.01
9	205	6	77	0.01
9	206	58	77	0.01
9	207	91	77	0.01
9	208	11	80	0.01
9	209	43	77	0.01
9	210	68	77	0.01
9	211	153	78	0.01
9	212	33	84	0.01
9	213	39	80	0.01
9	214	74	82	0.01
9	215	165	82	0.01
9	216	123	84	0.01
9	217	149	81	0.01
9	218	101	87	0.01
9	219	171	86	0.01
9	220	15	89	0.01
9	221	140	88	0.01
9	222	154	89	0.01
9	223	52	92	0.01
9	224	133	88	0.01
9	225	162	90	0.01
9	226	183	87	0.604
9	227	1	89	0.802
9	228	83	88	0.01
9	229	90	91	0.01
9	230	62	89	0.01
9	231	75	95	0.01
9	232	5	93	0.208
9	233	27	91	0.01
9	234	173	96	0.01
9	235	41	92	0.01
9	236	101	92	0.01
9	237	148	93	0.01
9	238	113	96	0.01
9	239	30	94	0.01
9	240	104	95	0.01
9	241	27	95	0.01
9	242	124	95	0.01
9	243	26	100	0.01
9	244	59	98	0.01
9	245	130	99	0.01
9	246	149	103	0.01
9	247	4	98	0.406
9	248	88	99	0.01
9	249	40	100	0.01
9	250	97	105	0.01
9	251	120	102	0.01
9	252	7	103	0.01
9	253	36	104	0.01
9	254	59	102	0.01
9	255	70	104	0.01
9	256	60	108	0.01
9	257	180	105	0.208
9	258	178	106	0.208
9	259	43	110	0.01
9	260	123	109	0.01
9	261	168	107	0.01
9	262	31	109	0.01
9	263	79	110	0.01
9	264	168	111	0.01
9	265	23	109	0.01
9	266	1	112	0.703
9	267	10	113	0.01
9	268	34	113	0.01
9	269	62	113	0.01
9	270	113	110	0.01
9	271	181	110	0.406
9	272	22	115	0.01
9	273	182	112	0.208
9	274	134	114	0.01
9	275	128	118	0.01
9	276	149	118	0.01
9	277	172	118	0.01
9	278	124	118	0.01
9	279	2	123	0.604
9	280	21	119	0.01
9	281	107	116	0.01
9	282	66	122	0.01
9	283	81	120	0.01
9	284	92	120	0.01
9	285	46	123	0.01
9	286	57	120	0.01
9	287	114	120	0.01
9	288	121	121	0.01
9	289	161	121	0.01
9	290	181	121	0.208
9	291	8	121	0.01
9	292	103	120	0.01
9	293	25	122	0.01
9	294	130	123	0.01
9	295	173	126	0.01
9	296	146	125	0.01
9	297	26	127	0.01
9	298	160	126	0.01
9	299	133	127	0.01
9	300	76	131	0.01
9	301	170	132	0.01
9	302	35	130	0.01
9	303	90	129	0.01
9	304	104	129	0.01
9	305	116	133	0.01
9	306	134	134	0.01
9	307	183	131	0.703
9	308	10	132	0.01
9	309	58	133	0.01
9	310	94	136	0.01
9	311	155	135	0.01
9	312	178	135	0.01
9	313	183	136	0.505
9	314	20	137	0.01
9	315	35	137	0.01
9	316	41	136	0.01
9	317	50	135	0.01
9	318	127	136	0.01
9	319	4	138	0.01
9	320	31	138	0.01
9	321	101	141	0.01
9	322	142	137	0.01
9	323	111	142	0.01
9	324	160	140	0.01
9	325	1	143	0.604
9	326	130	146	0.01
9	327	59	141	0.01
9	328	76	146	0.01
9	329	24	148	0.01
9	330	142	143	0.01
9	331	181	142	0.307
9	332	48	148	0.01
9	333	89	144	0.01
9	334	161	145	0.01
9	335	173	145	0.01
9	336	64	143	0.01
9	337	102	150	0.01
9	338	153	145	0.01
9	339	2	150	0.307
9	340	168	151	0.01
9	341	175	151	0.01
9	342	18	152	0.01
9	343	154	152	0.01
9	344	6	154	0.01
9	345	131	155	0.01
9	346	163	154	0.01
9	347	13	154	0.01
9	348	136	155	0.01
9	349	145	155	0.01
9	350	181	154	0.307
9	351	72	156	0.01
9	352	61	161	0.01
9	353	174	160	0.01
9	354	28	158	0.01
9	355	48	157	0.01
9	356	120	164	0.01
9	357	166	158	0.01
9	358	37	158	0.01
9	359	86	164	0.01
9	360	1	160	0.802
9	361	141	159	0.01
9	362	30	163	0.01
9	363	14	162	0.01
9	364	105	163	0.01
9	365	143	165	0.01
9	366	149	161	0.01
9	367	6	166	0.01
9	368	169	165	0.01
9	369	131	167	0.01
9	370	168	168	0.01
9	371	182	170	0.307
9	372	176	170	0.01
9	373	55	175	0.01
9	374	103	169	0.01
9	375	161	174	0.01
9	376	90	174	0.01
9	377	2	175	0.505
9	378	19	176	0.01
9	379	83	174	0.01
9	380	106	177	0.01
9	381	8	174	0.01
9	382	33	174	0.01
9	383	40	173	0.01
9	384	118	176	0.01
9	385	133	181	0.01
9	386	75	177	0.01
9	387	79	185	0.01
9	388	175	184	0.01
9	389	56	180	0.01
9	390	93	178	0.01
9	391	4	180	0.208
9	392	13	181	0.01
9	393	71	180	0.01
9	394	32	184	0.01
9	395	44	186	0.01
9	396	101	182	0.01
9	397	146	183	0.01
9	398	57	184	0.01
9	399	64	184	0.01
9	400	13	188	0.01
9	401	26	185	0.01
9	402	153	188	0.01
9	403	163	185	0.01
9	404	1	188	0.802
9	405	113	187	0.307
9	406	23	189	0.505
9	407	43	191	0.604
9	408	106	189	0.109
9	409	77	191	0.604
9	410	33	192	0.703
9	411	57	191	0.505
9	412	64	191	0.505
9	413	87	192	0.802
9	414	92	191	0.703
9	415	138	191	0.505
10	0	5	4	0.109
10	1	14	1	0.802
10	2	17	2	0.703
10	3	50	3	0.109
10	4	70	0	0.901
10	5	101	2	0.604
10	6	110	1	0.604
10	7	138	0	0.901
10	8	143	0	0.901
10	9	148	1	0.802
10	10	153	1	0.703
10	11	166	3	0.307
10	12	180	1	0.604
10	13	28	2	0.505
10	14	65	2	0.604
10	15	86	3	0.109
10	16	116	2	0.703
10	17	124	2	0.703
10	18	120	3	0.208
10	19	80	4	0.406
10	20	7	5	0.406
10	21	142	8	0.01
10	22	164	5	0.307
10	23	5	5	0.406
10	24	55	7	0.208
10	25	130	4	0.208
10	26	17	10	0.01
10	27	21	8	0.01
10	28	26	6	0.208
10	29	153	6	0.109
10	30	183	5	0.604
10	31	24	7	0.307
10	32	35	12	0.01
10	33	77	8	0.01
10	34	107	6	0.109
10	35	120	8	0.109
10	36	127	8	0.109
10	37	10	8	0.01
10	38	65	8	0.01
10	39	72	9	0.01
10	40	79	9	0.01
10	41	102	12	0.01
10	42	158	8	0.01
10	43	164	12	0.01
10	44	176	8	0.01
10	45	181	10	0.208
10	46	112	10	0.01
10	47	159	12	0.01
10	48	179	11	0.307
10	49	2	11	0.604
10	50	24	12	0.01
10	51	50	12	0.01
10	52	86	14	0.01
10	53	118	11	0.01
10	54	170	14	0.01
10	55	55	15	0.01
10	56	60	13	0.01
10	57	81	12	0.01
10	58	99	15	0.01
10	59	126	15	0.01
10	60	6	18	0.01
10	61	11	14	0.01
10	62	62	16	0.01
10	63	152	18	0.01
10	64	177	14	0.01
10	65	48	17	0.01
10	66	93	18	0.01
10	67	115	17	0.01
10	68	66	17	0.01
10	69	100	18	0.01
10	70	77	18	0.01
10	71	132	19	0.01
10	72	10	21	0.01
10	73	18	20	0.01
10	74	109	19	0.01
10	75	127	22	0.01
10	76	177	19	0.109
10	77	18	24	0.01
10	78	70	25	0.01
10	79	98	21	0.01
10	80	144	21	0.01
10	81	171	22	0.01
10	82	178	24	0.01
10	83	27	21	0.01
10	84	43	23	0.01
10	85	61	23	0.01
10	86	91	27	0.01
10	87	110	26	0.01
10	88	137	26	0.01
10	89	183	23	0.703
10	90	53	30	0.01
10	91	121	25	0.01
10	92	160	24	0.01
10	93	169	29	0.01
10	94	1	27	0.703
10	95	39	26	0.01
10	96	129	27	0.01
10	97	164	24	0.01
10	98	144	25	0.01
10	99	17	30	0.01
10	100	33	25	0.01
10	101	57	27	0.01
10	102	29	29	0.01
10	103	46	29	0.01
10	104	133	30	0.01
10	105	152	27	0.01
10	106	72	31	0.01
10	107	100	30	0.01
10	108	154	34	0.01
10	109	4	30	0.406
10	110	61	32	0.01
10	111	9	35	0.01
10	112	119	32	0.01
10	113	121	37	0.01
10	114	145	35	0.01
10	115	163	35	0.01
10	116	180	35	0.01
10	117	33	35	0.01
10	118	78	38	0.01
10	119	95	35	0.01
10	120	97	39	0.01
10	121	130	35	0.01
10	122	141	35	0.01
10	123	1	37	0.802
10	124	24	38	0.01
10	125	43	36	0.01
10	126	71	36	0.01
10	127	87	36	0.01
10	128	66	38	0.01
10	129	49	38	0.01
10	130	38	40	0.01
10	131	59	41	0.01
10	132	85	39	0.01
10	133	108	37	0.01
10	134	169	37	0.01
10	135	21	42	0.01
10	136	122	40	0.01
10	137	134	39	0.01
10	138	163	41	0.01
10	139	172	43	0.01
10	140	183	42	0.703
10	141	53	41	0.01
10	142	148	42	0.01
10	143	2	45	0.505
10	144	137	45	0.01
10	145	157	48	0.01
10	146	180	45	0.208
10	147	48	43	0.01
10	148	159	44	0.01
10	149	5	46	0.307
10	150	12	44	0.01
10	151	104	45	0.01
10	152	119	44	0.01
10	153	151	46	0.01
10	154	17	48	0.01
10	155	38	45	0.01
10	156	112	48	0.01
10	157	61	47	0.01
10	158	27	48	0.01
10	159	34	49	0.01
10	160	45	47	0.01
10	161	64	47	0.01
10	162	82	49	0.01
10	163	87	48	0.01
10	164	93	48	0.01
10	165	45	50	0.01
10	166	53	47	0.01
10	167	71	47	0.01
10	168	144	50	0.01
10	169	179	51	0.01
10	170	77	49	0.01
10	171	123	50	0.01
10	172	181	50	0.406
10	173	103	52	0.01
10	174	18	53	0.01
10	175	5	51	0.208
10	176	66	54	0.01
10	177	14	55	0.01
10	178	127	57	0.01
10	179	133	54	0.01
10	180	163	54	0.01
10	181	5	57	0.01
10	182	37	54	0.01
10	183	45	55	0.01
10	184	50	55	0.01
10	185	56	56	0.01
10	186	171	54	0.01
10	187	178	56	0.01
10	188	184	56	0.802
10	189	25	55	0.01
10	190	78	58	0.01
10	191	87	58	0.01
10	192	88	55	0.01
10	193	103	55	0.01
10	194	37	58	0.01
10	195	96	57	0.01
10	196	71	56	0.01
10	197	103	61	0.01
10	198	117	58	0.01
10	199	20	60	0.01
10	200	83	60	0.01
10	201	121	59	0.01
10	202	145	59	0.01
10	203	162	59	0.01
10	204	172	59	0.01
10	205	25	61	0.01
10	206	69	61	0.01
10	207	109	60	0.01
10	208	115	62	0.01
10	209	180	60	0.109
10	210	63	63	0.01
10	211	75	63	0.01
10	212	128	65	0.01
10	213	135	65	0.01
10	214	3	67	0.406
10	215	176	67	0.01
10	216	10	67	0.01
10	217	31	68	0.01
10	218	50	67	0.01
10	219	87	65	0.01
10	220	95	66	0.01
10	221	22	66	0.01
10	222	98	67	0.01
10	223	111	66	0.01
10	224	106	67	0.01
10	225	110	74	0.01
10	226	122	67	0.01
10	227	127	69	0.01
10	228	155	67	0.01
10	229	161	68	0.01
10	230	63	68	0.01
10	231	70	71	0.01
10	232	82	69	0.01
10	233	87	70	0.01
10	234	157	73	0.01
10	235	37	73	0.01
10	236	42	72	0.01
10	237	141	74	0.01
10	238	14	73	0.01
10	239	93	73	0.01
10	240	1	75	0.901
10	241	8	75	0.01
10	242	21	76	0.01
10	243	62	75	0.01
10	244	133	74	0.01
10	245	178	78	0.01
10	246	79	76	0.01
10	247	128	76	0.01
10	248	184	78	0.802
10	249	89	78	0.01
10	250	4	78	0.109
10	251	39	78	0.01
10	252	49	80	0.01
10	253	1	81	0.703
10	254	156	80	0.01
10	255	168	78	0.01
10	256	73	84	0.01
10	257	176	81	0.01
10	258	146	82	0.01
10	259	28	86	0.01
10	260	80	83	0.01
10	261	109	83	0.01
10	262	158	86	0.01
10	263	11	89	0.01
10	264	64	84	0.01
10	265	114	86	0.01
10	266	18	83	0.01
10	267	60	85	0.01
10	268	123	84	0.01
10	269	142	85	0.01
10	270	173	86	0.01
10	271	38	86	0.01
10	272	92	86	0.01
10	273	136	88	0.01
10	274	182	89	0.208
10	275	51	87	0.01
10	276	85	88	0.01
10	277	96	88	0.01
10	278	46	94	0.01
10	279	105	90	0.01
10	280	180	90	0.208
10	281	78	91	0.01
10	282	128	91	0.01
10	283	143	93	0.01
10	284	42	90	0.01
10	285	90	94	0.01
10	286	173	91	0.01
10	287	1	93	0.802
10	288	75	96	0.01
10	289	173	97	0.01
10	290	9	96	0.01
10	291	118	93	0.01
10	292	107	99	0.01
10	293	126	94	0.01
10	294	103	96	0.01
10	295	112	96	0.01
10	296	116	96	0.01
10	297	129	96	0.01
10	298	60	97	0.01
10	299	100	97	0.01
10	300	161	96	0.01
10	301	64	99	0.01
10	302	126	100	0.01
10	303	1	103	0.703
10	304	24	100	0.01
10	305	46	101	0.01
10	306	94	98	0.01
10	307	102	100	0.01
10	308	4	102	0.406
10	309	93	105	0.01
10	310	146	103	0.01
10	311	18	103	0.01
10	312	132	105	0.01
10	313	170	104	0.01
10	314	30	102	0.01
10	315	52	103	0.01
10	316	117	103	0.01
10	317	159	104	0.01
10	318	166	104	0.01
10	319	7	105	0.01
10	320	13	105	0.01
10	321	56	108	0.01
10	322	184	103	0.802
10	323	38	105	0.01
10	324	47	105	0.01
10	325	73	105	0.01
10	326	137	105	0.01
10	327	36	111	0.01
10	328	66	107	0.01
10	329	85	108	0.01
10	330	174	107	0.01
10	331	75	112	0.01
10	332	117	107	0.01
10	333	109	108	0.01
10	334	114	112	0.01
10	335	122	108	0.01
10	336	98	111	0.01
10	337	128	110	0.01
10	338	94	113	0.01
10	339	144	112	0.01
10	340	7	111	0.01
10	341	102	113	0.01
10	342	158	112	0.01
10	343	168	114	0.01
10	344	181	112	0.208
10	345	15	115	0.01
10	346	43	115	0.01
10	347	86	114	0.01
10	348	133	115	0.01
10	349	123	119	0.01
10	350	138	115	0.01
10	351	25	117	0.01
10	352	117	118	0.01
10	353	150	120	0.01
10	354	85	119	0.01
10	355	104	122	0.01
10	356	141	118	0.01
10	357	2	120	0.307
10	358	62	123	0.01
10	359	109	119	0.01
10	360	9	123	0.01
10	361	52	120	0.01
10	362	85	120	0.01
10	363	96	124	0.01
10	364	127	123	0.01
10	365	162	122	0.01
10	366	42	124	0.01
10	367	17	123	0.01
10	368	85	125	0.01
10	369	89	125	0.01
10	370	181	123	0.01
10	371	5	126	0.208
10	372	23	128	0.01
10	373	170	124	0.01
10	374	67	127	0.01
10	375	124	127	0.01
10	376	171	129	0.01
10	377	72	129	0.01
10	378	83	128	0.01
10	379	158	128	0.01
10	380	143	129	0.01
10	381	162	131	0.01
10	382	84	132	0.01
10	383	132	130	0.01
10	384	2	131	0.604
10	385	8	136	0.01
10	386	22	133	0.01
10	387	34	132	0.01
10	388	112	135	0.01
10	389	127	133	0.01
10	390	72	134	0.01
10	391	138	134	0.01
10	392	156	137	0.01
10	393	182	132	0.505
10	394	158	134	0.01
10	395	55	134	0.01
10	396	95	136	0.01
10	397	148	138	0.01
10	398	181	137	0.109
10	399	20	136	0.01
10	400	163	136	0.01
10	401	174	136	0.01
10	402	37	138	0.01
10	403	50	137	0.01
10	404	177	137	0.109
10	405	16	140	0.01
10	406	123	139	0.01
10	407	24	139	0.01
10	408	54	141	0.01
10	409	1	140	0.703
10	410	85	139	0.01
10	411	138	140	0.01
10	412	176	141	0.01
10	413	66	142	0.01
10	414	72	142	0.01
10	415	169	145	0.01
10	416	181	143	0.208
10	417	2	144	0.505
10	418	23	143	0.01
10	419	96	145	0.01
10	420	109	145	0.01
10	421	41	145	0.01
10	422	84	146	0.01
10	423	157	145	0.01
10	424	21	148	0.01
10	425	51	149	0.01
10	426	73	149	0.01
10	427	125	147	0.01
10	428	88	147	0.01
10	429	42	150	0.01
10	430	55	148	0.01
10	431	60	149	0.01
10	432	138	147	0.01
10	433	103	153	0.01
10	434	106	148	0.01
10	435	6	149	0.01
10	436	142	151	0.01
10	437	150	150	0.01
10	438	183	150	0.505
10	439	33	151	0.01
10	440	127	154	0.01
10	441	157	153	0.01
10	442	163	152	0.01
10	443	29	153	0.01
10	444	65	154	0.01
10	445	69	154	0.01
10	446	3	154	0.208
10	447	42	155	0.01
10	448	84	155	0.01
10	449	91	153	0.01
10	450	137	154	0.01
10	451	147	155	0.01
10	452	174	153	0.01
10	453	107	155	0.01
10	454	176	157	0.01
10	455	9	156	0.01
10	456	21	157	0.01
10	457	55	163	0.01
10	458	158	158	0.01
10	459	163	158	0.01
10	460	56	156	0.01
10	461	114	165	0.01
10	462	128	158	0.01
10	463	139	163	0.01
10	464	78	158	0.01
10	465	42	160	0.01
10	466	102	160	0.01
10	467	124	161	0.01
10	468	158	161	0.01
10	469	180	162	0.307
10	470	24	164	0.01
10	471	167	162	0.01
10	472	175	163	0.01
10	473	82	167	0.01
10	474	98	162	0.01
10	475	3	167	0.01
10	476	152	162	0.01
10	477	6	164	0.208
10	478	66	165	0.01
10	479	158	172	0.01
10	480	183	165	0.604
10	481	177	169	0.01
10	482	181	168	0.307
10	483	43	170	0.01
10	484	101	170	0.01
10	485	10	170	0.01
10	486	20	170	0.01
10	487	33	170	0.01
10	488	172	171	0.01
10	489	8	172	0.109
10	490	59	172	0.01
10	491	63	172	0.01
10	492	83	172	0.01
10	493	182	174	0.505
10	494	90	172	0.01
10	495	111	173	0.01
10	496	41	174	0.01
10	497	68	174	0.01
10	498	95	174	0.01
10	499	179	174	0.208
10	500	14	180	0.01
10	501	16	173	0.01
10	502	47	178	0.01
10	503	145	174	0.01
10	504	1	176	0.802
10	505	7	175	0.109
10	506	31	175	0.01
10	507	62	176	0.01
10	508	86	177	0.01
10	509	91	178	0.01
10	510	100	179	0.01
10	511	113	178	0.01
10	512	129	180	0.01
10	513	183	180	0.703
10	514	67	179	0.01
10	515	1	182	0.802
10	516	36	181	0.01
10	517	76	186	0.01
10	518	165	180	0.01
10	519	171	185	0.01
10	520	28	180	0.01
10	521	43	182	0.01
10	522	109	181	0.01
10	523	144	181	0.01
10	524	96	184	0.01
10	525	138	184	0.01
10	526	59	186	0.01
10	527	12	186	0.208
10	528	18	186	0.109
10	529	32	188	0.01
10	530	50	187	0.208
10	531	150	185	0.01
10	532	107	188	0.307
10	533	125	189	0.505
10	534	139	188	0.307
10	535	145	190	0.109
10	536	45	188	0.109
10	537	98	188	0.307
10	538	160	190	0.505
10	539	15	190	0.505
10	540	106	190	0.208
10	541	175	191	0.604
10	542	1	190	0.802
10	543	20	191	0.604
10	544	54	191	0.703
10	545	58	191	0.505
10	546	131	190	0.505
10	547	7	189	0.406
10	548	51	191	0.703
10	549	128	192	0.802
